[master 429ebc5] Prove all low-rank six-note cylinder branches with independent exact cover audit
 1291 files changed, 92230 insertions(+)
 create mode 100644 notes/2026-09-30-six-free-dag.md
 create mode 100644 notes/2026-09-30-six-low-rank-review.md
 create mode 100644 results/2026-09-30-six-free-dag-all.log
 create mode 100644 results/2026-09-30-six-free-dag-all/normalizations.json
 create mode 100644 results/2026-09-30-six-free-dag-all/rank3-orbit000-cross.json.gz
 create mode 100644 results/2026-09-30-six-free-dag-all/rank3-orbit000.json.gz
 create mode 100644 results/2026-09-30-six-free-dag-all/rank3-orbit001-cross.json.gz
 create mode 100644 results/2026-09-30-six-free-dag-all/rank3-orbit001.json.gz
 create mode 100644 results/2026-09-30-six-free-dag-all/rank3-orbit002-cross.json.gz
 create mode 100644 results/2026-09-30-six-free-dag-all/rank3-orbit002.json.gz
 create mode 100644 results/2026-09-30-six-free-dag-all/rank3-orbit003-cross.json.gz
 create mode 100644 results/2026-09-30-six-free-dag-all/rank3-orbit003.json.gz
 create mode 100644 results/2026-09-30-six-free-dag-all/rank3-orbit004-cross.json.gz
 create mode 100644 results/2026-09-30-six-free-dag-all/rank3-orbit004.json.gz
 create mode 100644 results/2026-09-30-six-free-dag-all/rank3-orbit005-cross.json.gz
 create mode 100644 results/2026-09-30-six-free-dag-all/rank3-orbit005.json.gz
 create mode 100644 results/2026-09-30-six-free-dag-all/rank3-orbit006-cross.json.gz
 create mode 100644 results/2026-09-30-six-free-dag-all/rank3-orbit006.json.gz
 create mode 100644 results/2026-09-30-six-free-dag-all/rank3-orbit007-cross.json.gz
 create mode 100644 results/2026-09-30-six-free-dag-all/rank3-orbit007.json.gz
 create mode 100644 results/2026-09-30-six-free-dag-all/rank3-orbit008-cross.json.gz
 create mode 100644 results/2026-09-30-six-free-dag-all/rank3-orbit008.json.gz
 create mode 100644 results/2026-09-30-six-free-dag-all/rank3-orbit009-cross.json.gz
 create mode 100644 results/2026-09-30-six-free-dag-all/rank3-orbit009.json.gz
 create mode 100644 results/2026-09-30-six-free-dag-all/rank3-orbit010-cross.json.gz
 create mode 100644 results/2026-09-30-six-free-dag-all/rank3-orbit010.json.gz
 create mode 100644 results/2026-09-30-six-free-dag-all/rank3-orbit011-cross.json.gz
 create mode 100644 results/2026-09-30-six-free-dag-all/rank3-orbit011.json.gz
 create mode 100644 results/2026-09-30-six-free-dag-all/rank3-orbit012-cross.json.gz
 create mode 100644 results/2026-09-30-six-free-dag-all/rank3-orbit012.json.gz
 create mode 100644 results/2026-09-30-six-free-dag-all/rank3-orbit013-cross.json.gz
 create mode 100644 results/2026-09-30-six-free-dag-all/rank3-orbit013.json.gz
 create mode 100644 results/2026-09-30-six-free-dag-all/rank3-orbit014-cross.json.gz
 create mode 100644 results/2026-09-30-six-free-dag-all/rank3-orbit014.json.gz
 create mode 100644 results/2026-09-30-six-free-dag-all/rank3-orbit015-cross.json.gz
 create mode 100644 results/2026-09-30-six-free-dag-all/rank3-orbit015.json.gz
 create mode 100644 results/2026-09-30-six-free-dag-all/rank3-orbit016-cross.json.gz
 create mode 100644 results/2026-09-30-six-free-dag-all/rank3-orbit016.json.gz
 create mode 100644 results/2026-09-30-six-free-dag-all/rank3-orbit017-cross.json.gz
 create mode 100644 results/2026-09-30-six-free-dag-all/rank3-orbit017.json.gz
 create mode 100644 results/2026-09-30-six-free-dag-all/rank3-orbit018-cross.json.gz
 create mode 100644 results/2026-09-30-six-free-dag-all/rank3-orbit018.json.gz
 create mode 100644 results/2026-09-30-six-free-dag-all/rank3-orbit019-cross.json.gz
 create mode 100644 results/2026-09-30-six-free-dag-all/rank3-orbit019.json.gz
 create mode 100644 results/2026-09-30-six-free-dag-all/rank3-orbit020-cross.json.gz
 create mode 100644 results/2026-09-30-six-free-dag-all/rank3-orbit020.json.gz
 create mode 100644 results/2026-09-30-six-free-dag-all/rank3-orbit021-cross.json.gz
 create mode 100644 results/2026-09-30-six-free-dag-all/rank3-orbit021.json.gz
 create mode 100644 results/2026-09-30-six-free-dag-all/rank3-orbit022-cross.json.gz
 create mode 100644 results/2026-09-30-six-free-dag-all/rank3-orbit022.json.gz
 create mode 100644 results/2026-09-30-six-free-dag-all/rank3-orbit023-cross.json.gz
 create mode 100644 results/2026-09-30-six-free-dag-all/rank3-orbit023.json.gz
 create mode 100644 results/2026-09-30-six-free-dag-all/rank3-orbit024-cross.json.gz
 create mode 100644 results/2026-09-30-six-free-dag-all/rank3-orbit024.json.gz
 create mode 100644 results/2026-09-30-six-free-dag-all/rank3-orbit025-cross.json.gz
 create mode 100644 results/2026-09-30-six-free-dag-all/rank3-orbit025.json.gz
 create mode 100644 results/2026-09-30-six-free-dag-all/rank3-orbit026-cross.json.gz
 create mode 100644 results/2026-09-30-six-free-dag-all/rank3-orbit026.json.gz
 create mode 100644 results/2026-09-30-six-free-dag-all/rank3-orbit027-cross.json.gz
 create mode 100644 results/2026-09-30-six-free-dag-all/rank3-orbit027.json.gz
 create mode 100644 results/2026-09-30-six-free-dag-all/rank3-orbit028-cross.json.gz
 create mode 100644 results/2026-09-30-six-free-dag-all/rank3-orbit028.json.gz
 create mode 100644 results/2026-09-30-six-free-dag-all/rank3-orbit029-cross.json.gz
 create mode 100644 results/2026-09-30-six-free-dag-all/rank3-orbit029.json.gz
 create mode 100644 results/2026-09-30-six-free-dag-all/rank3-orbit030-cross.json.gz
 create mode 100644 results/2026-09-30-six-free-dag-all/rank3-orbit030.json.gz
 create mode 100644 results/2026-09-30-six-free-dag-all/rank3-orbit031-cross.json.gz
 create mode 100644 results/2026-09-30-six-free-dag-all/rank3-orbit031.json.gz
 create mode 100644 results/2026-09-30-six-free-dag-all/rank3-orbit032-cross.json.gz
 create mode 100644 results/2026-09-30-six-free-dag-all/rank3-orbit032.json.gz
 create mode 100644 results/2026-09-30-six-free-dag-all/rank3-orbit033-cross.json.gz
 create mode 100644 results/2026-09-30-six-free-dag-all/rank3-orbit033.json.gz
 create mode 100644 results/2026-09-30-six-free-dag-all/rank3-orbit034-cross.json.gz
 create mode 100644 results/2026-09-30-six-free-dag-all/rank3-orbit034.json.gz
 create mode 100644 results/2026-09-30-six-free-dag-all/rank3-orbit035-cross.json.gz
 create mode 100644 results/2026-09-30-six-free-dag-all/rank3-orbit035.json.gz
 create mode 100644 results/2026-09-30-six-free-dag-all/rank3-orbit036-cross.json.gz
 create mode 100644 results/2026-09-30-six-free-dag-all/rank3-orbit036.json.gz
 create mode 100644 results/2026-09-30-six-free-dag-all/rank3-orbit037-cross.json.gz
 create mode 100644 results/2026-09-30-six-free-dag-all/rank3-orbit037.json.gz
 create mode 100644 results/2026-09-30-six-free-dag-all/rank3-orbit038-cross.json.gz
 create mode 100644 results/2026-09-30-six-free-dag-all/rank3-orbit038.json.gz
 create mode 100644 results/2026-09-30-six-free-dag-all/rank3-orbit039-cross.json.gz
 create mode 100644 results/2026-09-30-six-free-dag-all/rank3-orbit039.json.gz
 create mode 100644 results/2026-09-30-six-free-dag-all/rank3-orbit040-cross.json.gz
 create mode 100644 results/2026-09-30-six-free-dag-all/rank3-orbit040.json.gz
 create mode 100644 results/2026-09-30-six-free-dag-all/rank3-orbit041-cross.json.gz
 create mode 100644 results/2026-09-30-six-free-dag-all/rank3-orbit041.json.gz
 create mode 100644 results/2026-09-30-six-free-dag-all/rank3-orbit042-cross.json.gz
 create mode 100644 results/2026-09-30-six-free-dag-all/rank3-orbit042.json.gz
 create mode 100644 results/2026-09-30-six-free-dag-all/rank3-orbit043-cross.json.gz
 create mode 100644 results/2026-09-30-six-free-dag-all/rank3-orbit043.json.gz
 create mode 100644 results/2026-09-30-six-free-dag-all/rank3-orbit044-cross.json.gz
 create mode 100644 results/2026-09-30-six-free-dag-all/rank3-orbit044.json.gz
 create mode 100644 results/2026-09-30-six-free-dag-all/rank3-orbit045-cross.json.gz
 create mode 100644 results/2026-09-30-six-free-dag-all/rank3-orbit045.json.gz
 create mode 100644 results/2026-09-30-six-free-dag-all/rank3-orbit046-cross.json.gz
 create mode 100644 results/2026-09-30-six-free-dag-all/rank3-orbit046.json.gz
 create mode 100644 results/2026-09-30-six-free-dag-all/rank3-orbit047-cross.json.gz
 create mode 100644 results/2026-09-30-six-free-dag-all/rank3-orbit047.json.gz
 create mode 100644 results/2026-09-30-six-free-dag-all/rank3-orbit048-cross.json.gz
 create mode 100644 results/2026-09-30-six-free-dag-all/rank3-orbit048.json.gz
 create mode 100644 results/2026-09-30-six-free-dag-all/rank3-orbit049-cross.json.gz
 create mode 100644 results/2026-09-30-six-free-dag-all/rank3-orbit049.json.gz
 create mode 100644 results/2026-09-30-six-free-dag-all/rank3-orbit050-cross.json.gz
 create mode 100644 results/2026-09-30-six-free-dag-all/rank3-orbit050.json.gz
 create mode 100644 results/2026-09-30-six-free-dag-all/rank3-orbit051-cross.json.gz
 create mode 100644 results/2026-09-30-six-free-dag-all/rank3-orbit051.json.gz
 create mode 100644 results/2026-09-30-six-free-dag-all/rank3-orbit052-cross.json.gz
 create mode 100644 results/2026-09-30-six-free-dag-all/rank3-orbit052.json.gz
 create mode 100644 results/2026-09-30-six-free-dag-all/rank3-orbit053-cross.json.gz
 create mode 100644 results/2026-09-30-six-free-dag-all/rank3-orbit053.json.gz
 create mode 100644 results/2026-09-30-six-free-dag-all/rank3-orbit054-cross.json.gz
 create mode 100644 results/2026-09-30-six-free-dag-all/rank3-orbit054.json.gz
 create mode 100644 results/2026-09-30-six-free-dag-all/rank3-orbit055-cross.json.gz
 create mode 100644 results/2026-09-30-six-free-dag-all/rank3-orbit055.json.gz
 create mode 100644 results/2026-09-30-six-free-dag-all/rank3-orbit056-cross.json.gz
 create mode 100644 results/2026-09-30-six-free-dag-all/rank3-orbit056.json.gz
 create mode 100644 results/2026-09-30-six-free-dag-all/rank3-orbit057-cross.json.gz
 create mode 100644 results/2026-09-30-six-free-dag-all/rank3-orbit057.json.gz
 create mode 100644 results/2026-09-30-six-free-dag-all/rank3-orbit058-cross.json.gz
 create mode 100644 results/2026-09-30-six-free-dag-all/rank3-orbit058.json.gz
 create mode 100644 results/2026-09-30-six-free-dag-all/rank3-orbit059-cross.json.gz
 create mode 100644 results/2026-09-30-six-free-dag-all/rank3-orbit059.json.gz
 create mode 100644 results/2026-09-30-six-free-dag-all/rank3-orbit060-cross.json.gz
 create mode 100644 results/2026-09-30-six-free-dag-all/rank3-orbit060.json.gz
 create mode 100644 results/2026-09-30-six-free-dag-all/rank3-orbit061-cross.json.gz
 create mode 100644 results/2026-09-30-six-free-dag-all/rank3-orbit061.json.gz
 create mode 100644 results/2026-09-30-six-free-dag-all/rank3-orbit062-cross.json.gz
 create mode 100644 results/2026-09-30-six-free-dag-all/rank3-orbit062.json.gz
 create mode 100644 results/2026-09-30-six-free-dag-all/rank3-orbit063-cross.json.gz
 create mode 100644 results/2026-09-30-six-free-dag-all/rank3-orbit063.json.gz
 create mode 100644 results/2026-09-30-six-free-dag-all/rank3-orbit064-cross.json.gz
 create mode 100644 results/2026-09-30-six-free-dag-all/rank3-orbit064.json.gz
 create mode 100644 results/2026-09-30-six-free-dag-all/rank3-orbit065-cross.json.gz
 create mode 100644 results/2026-09-30-six-free-dag-all/rank3-orbit065.json.gz
 create mode 100644 results/2026-09-30-six-free-dag-all/rank3-orbit066-cross.json.gz
 create mode 100644 results/2026-09-30-six-free-dag-all/rank3-orbit066.json.gz
 create mode 100644 results/2026-09-30-six-free-dag-all/rank3-orbit067-cross.json.gz
 create mode 100644 results/2026-09-30-six-free-dag-all/rank3-orbit067.json.gz
 create mode 100644 results/2026-09-30-six-free-dag-all/rank3-orbit068-cross.json.gz
 create mode 100644 results/2026-09-30-six-free-dag-all/rank3-orbit068.json.gz
 create mode 100644 results/2026-09-30-six-free-dag-all/rank3-orbit069-cross.json.gz
 create mode 100644 results/2026-09-30-six-free-dag-all/rank3-orbit069.json.gz
 create mode 100644 results/2026-09-30-six-free-dag-all/rank3-orbit070-cross.json.gz
 create mode 100644 results/2026-09-30-six-free-dag-all/rank3-orbit070.json.gz
 create mode 100644 results/2026-09-30-six-free-dag-all/rank3-orbit071-cross.json.gz
 create mode 100644 results/2026-09-30-six-free-dag-all/rank3-orbit071.json.gz
 create mode 100644 results/2026-09-30-six-free-dag-all/rank3-orbit072-cross.json.gz
 create mode 100644 results/2026-09-30-six-free-dag-all/rank3-orbit072.json.gz
 create mode 100644 results/2026-09-30-six-free-dag-all/rank3-orbit073-cross.json.gz
 create mode 100644 results/2026-09-30-six-free-dag-all/rank3-orbit073.json.gz
 create mode 100644 results/2026-09-30-six-free-dag-all/rank3-orbit074-cross.json.gz
 create mode 100644 results/2026-09-30-six-free-dag-all/rank3-orbit074.json.gz
 create mode 100644 results/2026-09-30-six-free-dag-all/rank3-orbit075-cross.json.gz
 create mode 100644 results/2026-09-30-six-free-dag-all/rank3-orbit075.json.gz
 create mode 100644 results/2026-09-30-six-free-dag-all/rank3-orbit076-cross.json.gz
 create mode 100644 results/2026-09-30-six-free-dag-all/rank3-orbit076.json.gz
 create mode 100644 results/2026-09-30-six-free-dag-all/rank3-orbit077-cross.json.gz
 create mode 100644 results/2026-09-30-six-free-dag-all/rank3-orbit077.json.gz
 create mode 100644 results/2026-09-30-six-free-dag-all/rank3-orbit078-cross.json.gz
 create mode 100644 results/2026-09-30-six-free-dag-all/rank3-orbit078.json.gz
 create mode 100644 results/2026-09-30-six-free-dag-all/rank3-orbit079-cross.json.gz
 create mode 100644 results/2026-09-30-six-free-dag-all/rank3-orbit079.json.gz
 create mode 100644 results/2026-09-30-six-free-dag-all/rank3-orbit080-cross.json.gz
 create mode 100644 results/2026-09-30-six-free-dag-all/rank3-orbit080.json.gz
 create mode 100644 results/2026-09-30-six-free-dag-all/rank3-orbit081-cross.json.gz
 create mode 100644 results/2026-09-30-six-free-dag-all/rank3-orbit081.json.gz
 create mode 100644 results/2026-09-30-six-free-dag-all/rank3-orbit082-cross.json.gz
 create mode 100644 results/2026-09-30-six-free-dag-all/rank3-orbit082.json.gz
 create mode 100644 results/2026-09-30-six-free-dag-all/rank3-orbit083-cross.json.gz
 create mode 100644 results/2026-09-30-six-free-dag-all/rank3-orbit083.json.gz
 create mode 100644 results/2026-09-30-six-free-dag-all/rank3-orbit084-cross.json.gz
 create mode 100644 results/2026-09-30-six-free-dag-all/rank3-orbit084.json.gz
 create mode 100644 results/2026-09-30-six-free-dag-all/rank3-orbit085-cross.json.gz
 create mode 100644 results/2026-09-30-six-free-dag-all/rank3-orbit085.json.gz
 create mode 100644 results/2026-09-30-six-free-dag-all/rank3-orbit086-cross.json.gz
 create mode 100644 results/2026-09-30-six-free-dag-all/rank3-orbit086.json.gz
 create mode 100644 results/2026-09-30-six-free-dag-all/rank3-orbit087-cross.json.gz
 create mode 100644 results/2026-09-30-six-free-dag-all/rank3-orbit087.json.gz
 create mode 100644 results/2026-09-30-six-free-dag-all/rank3-orbit088-cross.json.gz
 create mode 100644 results/2026-09-30-six-free-dag-all/rank3-orbit088.json.gz
 create mode 100644 results/2026-09-30-six-free-dag-all/rank3-orbit089-cross.json.gz
 create mode 100644 results/2026-09-30-six-free-dag-all/rank3-orbit089.json.gz
 create mode 100644 results/2026-09-30-six-free-dag-all/rank3-orbit090-cross.json.gz
 create mode 100644 results/2026-09-30-six-free-dag-all/rank3-orbit090.json.gz
 create mode 100644 results/2026-09-30-six-free-dag-all/rank3-orbit091-cross.json.gz
 create mode 100644 results/2026-09-30-six-free-dag-all/rank3-orbit091.json.gz
 create mode 100644 results/2026-09-30-six-free-dag-all/rank3-orbit092-cross.json.gz
 create mode 100644 results/2026-09-30-six-free-dag-all/rank3-orbit092.json.gz
 create mode 100644 results/2026-09-30-six-free-dag-all/rank3-orbit093-cross.json.gz
 create mode 100644 results/2026-09-30-six-free-dag-all/rank3-orbit093.json.gz
 create mode 100644 results/2026-09-30-six-free-dag-all/rank3-orbit094-cross.json.gz
 create mode 100644 results/2026-09-30-six-free-dag-all/rank3-orbit094.json.gz
 create mode 100644 results/2026-09-30-six-free-dag-all/rank3-orbit095-cross.json.gz
 create mode 100644 results/2026-09-30-six-free-dag-all/rank3-orbit095.json.gz
 create mode 100644 results/2026-09-30-six-free-dag-all/rank3-orbit096-cross.json.gz
 create mode 100644 results/2026-09-30-six-free-dag-all/rank3-orbit096.json.gz
 create mode 100644 results/2026-09-30-six-free-dag-all/rank3-orbit097-cross.json.gz
 create mode 100644 results/2026-09-30-six-free-dag-all/rank3-orbit097.json.gz
 create mode 100644 results/2026-09-30-six-free-dag-all/rank3-orbit098-cross.json.gz
 create mode 100644 results/2026-09-30-six-free-dag-all/rank3-orbit098.json.gz
 create mode 100644 results/2026-09-30-six-free-dag-all/rank3-orbit099-cross.json.gz
 create mode 100644 results/2026-09-30-six-free-dag-all/rank3-orbit099.json.gz
 create mode 100644 results/2026-09-30-six-free-dag-all/rank3-orbit100-cross.json.gz
 create mode 100644 results/2026-09-30-six-free-dag-all/rank3-orbit100.json.gz
 create mode 100644 results/2026-09-30-six-free-dag-all/rank3-orbit101-cross.json.gz
 create mode 100644 results/2026-09-30-six-free-dag-all/rank3-orbit101.json.gz
 create mode 100644 results/2026-09-30-six-free-dag-all/rank3-orbit102-cross.json.gz
 create mode 100644 results/2026-09-30-six-free-dag-all/rank3-orbit102.json.gz
 create mode 100644 results/2026-09-30-six-free-dag-all/rank3-orbit103-cross.json.gz
 create mode 100644 results/2026-09-30-six-free-dag-all/rank3-orbit103.json.gz
 create mode 100644 results/2026-09-30-six-free-dag-all/rank4-orbit000-cross.json.gz
 create mode 100644 results/2026-09-30-six-free-dag-all/rank4-orbit000.json.gz
 create mode 100644 results/2026-09-30-six-free-dag-all/rank4-orbit001-cross.json.gz
 create mode 100644 results/2026-09-30-six-free-dag-all/rank4-orbit001.json.gz
 create mode 100644 results/2026-09-30-six-free-dag-all/rank4-orbit002-cross.json.gz
 create mode 100644 results/2026-09-30-six-free-dag-all/rank4-orbit002.json.gz
 create mode 100644 results/2026-09-30-six-free-dag-all/rank4-orbit003-cross.json.gz
 create mode 100644 results/2026-09-30-six-free-dag-all/rank4-orbit003.json.gz
 create mode 100644 results/2026-09-30-six-free-dag-all/rank4-orbit004-cross.json.gz
 create mode 100644 results/2026-09-30-six-free-dag-all/rank4-orbit004.json.gz
 create mode 100644 results/2026-09-30-six-free-dag-all/rank4-orbit005-cross.json.gz
 create mode 100644 results/2026-09-30-six-free-dag-all/rank4-orbit005.json.gz
 create mode 100644 results/2026-09-30-six-free-dag-all/rank4-orbit006-cross.json.gz
 create mode 100644 results/2026-09-30-six-free-dag-all/rank4-orbit006.json.gz
 create mode 100644 results/2026-09-30-six-free-dag-all/rank4-orbit007-cross.json.gz
 create mode 100644 results/2026-09-30-six-free-dag-all/rank4-orbit007.json.gz
 create mode 100644 results/2026-09-30-six-free-dag-all/rank4-orbit008-cross.json.gz
 create mode 100644 results/2026-09-30-six-free-dag-all/rank4-orbit008.json.gz
 create mode 100644 results/2026-09-30-six-free-dag-all/rank4-orbit009-cross.json.gz
 create mode 100644 results/2026-09-30-six-free-dag-all/rank4-orbit009.json.gz
 create mode 100644 results/2026-09-30-six-free-dag-all/rank4-orbit010-cross.json.gz
 create mode 100644 results/2026-09-30-six-free-dag-all/rank4-orbit010.json.gz
 create mode 100644 results/2026-09-30-six-free-dag-all/rank4-orbit011-cross.json.gz
 create mode 100644 results/2026-09-30-six-free-dag-all/rank4-orbit011.json.gz
 create mode 100644 results/2026-09-30-six-free-dag-all/rank4-orbit012-cross.json.gz
 create mode 100644 results/2026-09-30-six-free-dag-all/rank4-orbit012.json.gz
 create mode 100644 results/2026-09-30-six-free-dag-all/rank4-orbit013-cross.json.gz
 create mode 100644 results/2026-09-30-six-free-dag-all/rank4-orbit013.json.gz
 create mode 100644 results/2026-09-30-six-free-dag-all/rank4-orbit014-cross.json.gz
 create mode 100644 results/2026-09-30-six-free-dag-all/rank4-orbit014.json.gz
 create mode 100644 results/2026-09-30-six-free-dag-all/rank4-orbit015-cross.json.gz
 create mode 100644 results/2026-09-30-six-free-dag-all/rank4-orbit015.json.gz
 create mode 100644 results/2026-09-30-six-free-dag-all/rank4-orbit016-cross.json.gz
 create mode 100644 results/2026-09-30-six-free-dag-all/rank4-orbit016.json.gz
 create mode 100644 results/2026-09-30-six-free-dag-all/rank4-orbit017-cross.json.gz
 create mode 100644 results/2026-09-30-six-free-dag-all/rank4-orbit017.json.gz
 create mode 100644 results/2026-09-30-six-free-dag-all/rank4-orbit018-cross.json.gz
 create mode 100644 results/2026-09-30-six-free-dag-all/rank4-orbit018.json.gz
 create mode 100644 results/2026-09-30-six-free-dag-all/rank4-orbit019-cross.json.gz
 create mode 100644 results/2026-09-30-six-free-dag-all/rank4-orbit019.json.gz
 create mode 100644 results/2026-09-30-six-free-dag-all/rank4-orbit020-cross.json.gz
 create mode 100644 results/2026-09-30-six-free-dag-all/rank4-orbit020.json.gz
 create mode 100644 results/2026-09-30-six-free-dag-all/rank4-orbit021-cross.json.gz
 create mode 100644 results/2026-09-30-six-free-dag-all/rank4-orbit021.json.gz
 create mode 100644 results/2026-09-30-six-free-dag-all/rank4-orbit022-cross.json.gz
 create mode 100644 results/2026-09-30-six-free-dag-all/rank4-orbit022.json.gz
 create mode 100644 results/2026-09-30-six-free-dag-all/rank4-orbit023-cross.json.gz
 create mode 100644 results/2026-09-30-six-free-dag-all/rank4-orbit023.json.gz
 create mode 100644 results/2026-09-30-six-free-dag-all/rank4-orbit024-cross.json.gz
 create mode 100644 results/2026-09-30-six-free-dag-all/rank4-orbit024.json.gz
 create mode 100644 results/2026-09-30-six-free-dag-all/rank4-orbit025-cross.json.gz
 create mode 100644 results/2026-09-30-six-free-dag-all/rank4-orbit025.json.gz
 create mode 100644 results/2026-09-30-six-free-dag-all/rank4-orbit026-cross.json.gz
 create mode 100644 results/2026-09-30-six-free-dag-all/rank4-orbit026.json.gz
 create mode 100644 results/2026-09-30-six-free-dag-all/rank4-orbit027-cross.json.gz
 create mode 100644 results/2026-09-30-six-free-dag-all/rank4-orbit027.json.gz
 create mode 100644 results/2026-09-30-six-free-dag-all/rank4-orbit028-cross.json.gz
 create mode 100644 results/2026-09-30-six-free-dag-all/rank4-orbit028.json.gz
 create mode 100644 results/2026-09-30-six-free-dag-all/rank4-orbit029-cross.json.gz
 create mode 100644 results/2026-09-30-six-free-dag-all/rank4-orbit029.json.gz
 create mode 100644 results/2026-09-30-six-free-dag-all/rank4-orbit030-cross.json.gz
 create mode 100644 results/2026-09-30-six-free-dag-all/rank4-orbit030.json.gz
 create mode 100644 results/2026-09-30-six-free-dag-all/rank4-orbit031-cross.json.gz
 create mode 100644 results/2026-09-30-six-free-dag-all/rank4-orbit031.json.gz
 create mode 100644 results/2026-09-30-six-free-dag-all/rank4-orbit032-cross.json.gz
 create mode 100644 results/2026-09-30-six-free-dag-all/rank4-orbit032.json.gz
 create mode 100644 results/2026-09-30-six-free-dag-all/rank4-orbit033-cross.json.gz
 create mode 100644 results/2026-09-30-six-free-dag-all/rank4-orbit033.json.gz
 create mode 100644 results/2026-09-30-six-free-dag-all/rank4-orbit034-cross.json.gz
 create mode 100644 results/2026-09-30-six-free-dag-all/rank4-orbit034.json.gz
 create mode 100644 results/2026-09-30-six-free-dag-all/rank4-orbit035-cross.json.gz
 create mode 100644 results/2026-09-30-six-free-dag-all/rank4-orbit035.json.gz
 create mode 100644 results/2026-09-30-six-free-dag-all/rank4-orbit036-cross.json.gz
 create mode 100644 results/2026-09-30-six-free-dag-all/rank4-orbit036.json.gz
 create mode 100644 results/2026-09-30-six-free-dag-all/rank4-orbit037-cross.json.gz
 create mode 100644 results/2026-09-30-six-free-dag-all/rank4-orbit037.json.gz
 create mode 100644 results/2026-09-30-six-free-dag-all/rank4-orbit038-cross.json.gz
 create mode 100644 results/2026-09-30-six-free-dag-all/rank4-orbit038.json.gz
 create mode 100644 results/2026-09-30-six-free-dag-all/rank4-orbit039-cross.json.gz
 create mode 100644 results/2026-09-30-six-free-dag-all/rank4-orbit039.json.gz
 create mode 100644 results/2026-09-30-six-free-dag-all/rank4-orbit040-cross.json.gz
 create mode 100644 results/2026-09-30-six-free-dag-all/rank4-orbit040.json.gz
 create mode 100644 results/2026-09-30-six-free-dag-all/rank4-orbit041-cross.json.gz
 create mode 100644 results/2026-09-30-six-free-dag-all/rank4-orbit041.json.gz
 create mode 100644 results/2026-09-30-six-free-dag-all/rank4-orbit042-cross.json.gz
 create mode 100644 results/2026-09-30-six-free-dag-all/rank4-orbit042.json.gz
 create mode 100644 results/2026-09-30-six-free-dag-all/rank4-orbit043-cross.json.gz
 create mode 100644 results/2026-09-30-six-free-dag-all/rank4-orbit043.json.gz
 create mode 100644 results/2026-09-30-six-free-dag-all/rank4-orbit044-cross.json.gz
 create mode 100644 results/2026-09-30-six-free-dag-all/rank4-orbit044.json.gz
 create mode 100644 results/2026-09-30-six-free-dag-all/rank4-orbit045-cross.json.gz
 create mode 100644 results/2026-09-30-six-free-dag-all/rank4-orbit045.json.gz
 create mode 100644 results/2026-09-30-six-free-dag-all/rank4-orbit046-cross.json.gz
 create mode 100644 results/2026-09-30-six-free-dag-all/rank4-orbit046.json.gz
 create mode 100644 results/2026-09-30-six-free-dag-all/rank4-orbit047-cross.json.gz
 create mode 100644 results/2026-09-30-six-free-dag-all/rank4-orbit047.json.gz
 create mode 100644 results/2026-09-30-six-free-dag-all/rank4-orbit048-cross.json.gz
 create mode 100644 results/2026-09-30-six-free-dag-all/rank4-orbit048.json.gz
 create mode 100644 results/2026-09-30-six-free-dag-all/rank4-orbit049-cross.json.gz
 create mode 100644 results/2026-09-30-six-free-dag-all/rank4-orbit049.json.gz
 create mode 100644 results/2026-09-30-six-free-dag-all/rank4-orbit050-cross.json.gz
 create mode 100644 results/2026-09-30-six-free-dag-all/rank4-orbit050.json.gz
 create mode 100644 results/2026-09-30-six-free-dag-all/rank4-orbit051-cross.json.gz
 create mode 100644 results/2026-09-30-six-free-dag-all/rank4-orbit051.json.gz
 create mode 100644 results/2026-09-30-six-free-dag-all/rank4-orbit052-cross.json.gz
 create mode 100644 results/2026-09-30-six-free-dag-all/rank4-orbit052.json.gz
 create mode 100644 results/2026-09-30-six-free-dag-all/rank4-orbit053-cross.json.gz
 create mode 100644 results/2026-09-30-six-free-dag-all/rank4-orbit053.json.gz
 create mode 100644 results/2026-09-30-six-free-dag-all/rank4-orbit054-cross.json.gz
 create mode 100644 results/2026-09-30-six-free-dag-all/rank4-orbit054.json.gz
 create mode 100644 results/2026-09-30-six-free-dag-all/rank4-orbit055-cross.json.gz
 create mode 100644 results/2026-09-30-six-free-dag-all/rank4-orbit055.json.gz
 create mode 100644 results/2026-09-30-six-free-dag-all/rank4-orbit056-cross.json.gz
 create mode 100644 results/2026-09-30-six-free-dag-all/rank4-orbit056.json.gz
 create mode 100644 results/2026-09-30-six-free-dag-all/rank4-orbit057-cross.json.gz
 create mode 100644 results/2026-09-30-six-free-dag-all/rank4-orbit057.json.gz
 create mode 100644 results/2026-09-30-six-free-dag-all/rank4-orbit058-cross.json.gz
 create mode 100644 results/2026-09-30-six-free-dag-all/rank4-orbit058.json.gz
 create mode 100644 results/2026-09-30-six-free-dag-all/rank4-orbit059-cross.json.gz
 create mode 100644 results/2026-09-30-six-free-dag-all/rank4-orbit059.json.gz
 create mode 100644 results/2026-09-30-six-free-dag-all/rank4-orbit060-cross.json.gz
 create mode 100644 results/2026-09-30-six-free-dag-all/rank4-orbit060.json.gz
 create mode 100644 results/2026-09-30-six-free-dag-all/rank4-orbit061-cross.json.gz
 create mode 100644 results/2026-09-30-six-free-dag-all/rank4-orbit061.json.gz
 create mode 100644 results/2026-09-30-six-free-dag-all/rank4-orbit062-cross.json.gz
 create mode 100644 results/2026-09-30-six-free-dag-all/rank4-orbit062.json.gz
 create mode 100644 results/2026-09-30-six-free-dag-all/rank4-orbit063-cross.json.gz
 create mode 100644 results/2026-09-30-six-free-dag-all/rank4-orbit063.json.gz
 create mode 100644 results/2026-09-30-six-free-dag-all/rank4-orbit064-cross.json.gz
 create mode 100644 results/2026-09-30-six-free-dag-all/rank4-orbit064.json.gz
 create mode 100644 results/2026-09-30-six-free-dag-all/rank4-orbit065-cross.json.gz
 create mode 100644 results/2026-09-30-six-free-dag-all/rank4-orbit065.json.gz
 create mode 100644 results/2026-09-30-six-free-dag-all/rank4-orbit066-cross.json.gz
 create mode 100644 results/2026-09-30-six-free-dag-all/rank4-orbit066.json.gz
 create mode 100644 results/2026-09-30-six-free-dag-all/rank4-orbit067-cross.json.gz
 create mode 100644 results/2026-09-30-six-free-dag-all/rank4-orbit067.json.gz
 create mode 100644 results/2026-09-30-six-free-dag-all/rank4-orbit068-cross.json.gz
 create mode 100644 results/2026-09-30-six-free-dag-all/rank4-orbit068.json.gz
 create mode 100644 results/2026-09-30-six-free-dag-all/rank4-orbit069-cross.json.gz
 create mode 100644 results/2026-09-30-six-free-dag-all/rank4-orbit069.json.gz
 create mode 100644 results/2026-09-30-six-free-dag-all/rank4-orbit070-cross.json.gz
 create mode 100644 results/2026-09-30-six-free-dag-all/rank4-orbit070.json.gz
 create mode 100644 results/2026-09-30-six-free-dag-all/rank4-orbit071-cross.json.gz
 create mode 100644 results/2026-09-30-six-free-dag-all/rank4-orbit071.json.gz
 create mode 100644 results/2026-09-30-six-free-dag-all/rank4-orbit072-cross.json.gz
 create mode 100644 results/2026-09-30-six-free-dag-all/rank4-orbit072.json.gz
 create mode 100644 results/2026-09-30-six-free-dag-all/rank4-orbit073-cross.json.gz
 create mode 100644 results/2026-09-30-six-free-dag-all/rank4-orbit073.json.gz
 create mode 100644 results/2026-09-30-six-free-dag-all/rank4-orbit074-cross.json.gz
 create mode 100644 results/2026-09-30-six-free-dag-all/rank4-orbit074.json.gz
 create mode 100644 results/2026-09-30-six-free-dag-all/rank4-orbit075-cross.json.gz
 create mode 100644 results/2026-09-30-six-free-dag-all/rank4-orbit075.json.gz
 create mode 100644 results/2026-09-30-six-free-dag-all/rank4-orbit076-cross.json.gz
 create mode 100644 results/2026-09-30-six-free-dag-all/rank4-orbit076.json.gz
 create mode 100644 results/2026-09-30-six-free-dag-all/rank4-orbit077-cross.json.gz
 create mode 100644 results/2026-09-30-six-free-dag-all/rank4-orbit077.json.gz
 create mode 100644 results/2026-09-30-six-free-dag-all/rank4-orbit078-cross.json.gz
 create mode 100644 results/2026-09-30-six-free-dag-all/rank4-orbit078.json.gz
 create mode 100644 results/2026-09-30-six-free-dag-all/rank4-orbit079-cross.json.gz
 create mode 100644 results/2026-09-30-six-free-dag-all/rank4-orbit079.json.gz
 create mode 100644 results/2026-09-30-six-free-dag-all/rank4-orbit080-cross.json.gz
 create mode 100644 results/2026-09-30-six-free-dag-all/rank4-orbit080.json.gz
 create mode 100644 results/2026-09-30-six-free-dag-all/rank4-orbit081-cross.json.gz
 create mode 100644 results/2026-09-30-six-free-dag-all/rank4-orbit081.json.gz
 create mode 100644 results/2026-09-30-six-free-dag-all/rank4-orbit082-cross.json.gz
 create mode 100644 results/2026-09-30-six-free-dag-all/rank4-orbit082.json.gz
 create mode 100644 results/2026-09-30-six-free-dag-all/rank4-orbit083-cross.json.gz
 create mode 100644 results/2026-09-30-six-free-dag-all/rank4-orbit083.json.gz
 create mode 100644 results/2026-09-30-six-free-dag-all/rank4-orbit084-cross.json.gz
 create mode 100644 results/2026-09-30-six-free-dag-all/rank4-orbit084.json.gz
 create mode 100644 results/2026-09-30-six-free-dag-all/rank4-orbit085-cross.json.gz
 create mode 100644 results/2026-09-30-six-free-dag-all/rank4-orbit085.json.gz
 create mode 100644 results/2026-09-30-six-free-dag-all/rank4-orbit086-cross.json.gz
 create mode 100644 results/2026-09-30-six-free-dag-all/rank4-orbit086.json.gz
 create mode 100644 results/2026-09-30-six-free-dag-all/rank4-orbit087-cross.json.gz
 create mode 100644 results/2026-09-30-six-free-dag-all/rank4-orbit087.json.gz
 create mode 100644 results/2026-09-30-six-free-dag-all/rank4-orbit088-cross.json.gz
 create mode 100644 results/2026-09-30-six-free-dag-all/rank4-orbit088.json.gz
 create mode 100644 results/2026-09-30-six-free-dag-all/rank4-orbit089-cross.json.gz
 create mode 100644 results/2026-09-30-six-free-dag-all/rank4-orbit089.json.gz
 create mode 100644 results/2026-09-30-six-free-dag-all/rank4-orbit090-cross.json.gz
 create mode 100644 results/2026-09-30-six-free-dag-all/rank4-orbit090.json.gz
 create mode 100644 results/2026-09-30-six-free-dag-all/rank4-orbit091-cross.json.gz
 create mode 100644 results/2026-09-30-six-free-dag-all/rank4-orbit091.json.gz
 create mode 100644 results/2026-09-30-six-free-dag-all/rank4-orbit092-cross.json.gz
 create mode 100644 results/2026-09-30-six-free-dag-all/rank4-orbit092.json.gz
 create mode 100644 results/2026-09-30-six-free-dag-all/rank4-orbit093-cross.json.gz
 create mode 100644 results/2026-09-30-six-free-dag-all/rank4-orbit093.json.gz
 create mode 100644 results/2026-09-30-six-free-dag-all/rank4-orbit094-cross.json.gz
 create mode 100644 results/2026-09-30-six-free-dag-all/rank4-orbit094.json.gz
 create mode 100644 results/2026-09-30-six-free-dag-all/rank4-orbit095-cross.json.gz
 create mode 100644 results/2026-09-30-six-free-dag-all/rank4-orbit095.json.gz
 create mode 100644 results/2026-09-30-six-free-dag-all/rank4-orbit096-cross.json.gz
 create mode 100644 results/2026-09-30-six-free-dag-all/rank4-orbit096.json.gz
 create mode 100644 results/2026-09-30-six-free-dag-all/rank4-orbit097-cross.json.gz
 create mode 100644 results/2026-09-30-six-free-dag-all/rank4-orbit097.json.gz
 create mode 100644 results/2026-09-30-six-free-dag-all/rank4-orbit098-cross.json.gz
 create mode 100644 results/2026-09-30-six-free-dag-all/rank4-orbit098.json.gz
 create mode 100644 results/2026-09-30-six-free-dag-all/rank4-orbit099-cross.json.gz
 create mode 100644 results/2026-09-30-six-free-dag-all/rank4-orbit099.json.gz
 create mode 100644 results/2026-09-30-six-free-dag-all/rank4-orbit100-cross.json.gz
 create mode 100644 results/2026-09-30-six-free-dag-all/rank4-orbit100.json.gz
 create mode 100644 results/2026-09-30-six-free-dag-all/rank4-orbit101-cross.json.gz
 create mode 100644 results/2026-09-30-six-free-dag-all/rank4-orbit101.json.gz
 create mode 100644 results/2026-09-30-six-free-dag-all/rank4-orbit102-cross.json.gz
 create mode 100644 results/2026-09-30-six-free-dag-all/rank4-orbit102.json.gz
 create mode 100644 results/2026-09-30-six-free-dag-all/rank4-orbit103-cross.json.gz
 create mode 100644 results/2026-09-30-six-free-dag-all/rank4-orbit103.json.gz
 create mode 100644 results/2026-09-30-six-free-dag-all/rank4-orbit104-cross.json.gz
 create mode 100644 results/2026-09-30-six-free-dag-all/rank4-orbit104.json.gz
 create mode 100644 results/2026-09-30-six-free-dag-all/rank4-orbit105-cross.json.gz
 create mode 100644 results/2026-09-30-six-free-dag-all/rank4-orbit105.json.gz
 create mode 100644 results/2026-09-30-six-free-dag-all/rank4-orbit106-cross.json.gz
 create mode 100644 results/2026-09-30-six-free-dag-all/rank4-orbit106.json.gz
 create mode 100644 results/2026-09-30-six-free-dag-all/rank4-orbit107-cross.json.gz
 create mode 100644 results/2026-09-30-six-free-dag-all/rank4-orbit107.json.gz
 create mode 100644 results/2026-09-30-six-free-dag-all/rank4-orbit108-cross.json.gz
 create mode 100644 results/2026-09-30-six-free-dag-all/rank4-orbit108.json.gz
 create mode 100644 results/2026-09-30-six-free-dag-all/rank4-orbit109-cross.json.gz
 create mode 100644 results/2026-09-30-six-free-dag-all/rank4-orbit109.json.gz
 create mode 100644 results/2026-09-30-six-free-dag-all/rank4-orbit110-cross.json.gz
 create mode 100644 results/2026-09-30-six-free-dag-all/rank4-orbit110.json.gz
 create mode 100644 results/2026-09-30-six-free-dag-all/rank4-orbit111-cross.json.gz
 create mode 100644 results/2026-09-30-six-free-dag-all/rank4-orbit111.json.gz
 create mode 100644 results/2026-09-30-six-free-dag-all/rank4-orbit112-cross.json.gz
 create mode 100644 results/2026-09-30-six-free-dag-all/rank4-orbit112.json.gz
 create mode 100644 results/2026-09-30-six-free-dag-all/rank4-orbit113-cross.json.gz
 create mode 100644 results/2026-09-30-six-free-dag-all/rank4-orbit113.json.gz
 create mode 100644 results/2026-09-30-six-free-dag-all/rank4-orbit114-cross.json.gz
 create mode 100644 results/2026-09-30-six-free-dag-all/rank4-orbit114.json.gz
 create mode 100644 results/2026-09-30-six-free-dag-all/rank4-orbit115-cross.json.gz
 create mode 100644 results/2026-09-30-six-free-dag-all/rank4-orbit115.json.gz
 create mode 100644 results/2026-09-30-six-free-dag-all/rank4-orbit116-cross.json.gz
 create mode 100644 results/2026-09-30-six-free-dag-all/rank4-orbit116.json.gz
 create mode 100644 results/2026-09-30-six-free-dag-all/rank4-orbit117-cross.json.gz
 create mode 100644 results/2026-09-30-six-free-dag-all/rank4-orbit117.json.gz
 create mode 100644 results/2026-09-30-six-free-dag-all/rank4-orbit118-cross.json.gz
 create mode 100644 results/2026-09-30-six-free-dag-all/rank4-orbit118.json.gz
 create mode 100644 results/2026-09-30-six-free-dag-all/rank4-orbit119-cross.json.gz
 create mode 100644 results/2026-09-30-six-free-dag-all/rank4-orbit119.json.gz
 create mode 100644 results/2026-09-30-six-free-dag-all/rank4-orbit120-cross.json.gz
 create mode 100644 results/2026-09-30-six-free-dag-all/rank4-orbit120.json.gz
 create mode 100644 results/2026-09-30-six-free-dag-all/rank4-orbit121-cross.json.gz
 create mode 100644 results/2026-09-30-six-free-dag-all/rank4-orbit121.json.gz
 create mode 100644 results/2026-09-30-six-free-dag-all/rank4-orbit122-cross.json.gz
 create mode 100644 results/2026-09-30-six-free-dag-all/rank4-orbit122.json.gz
 create mode 100644 results/2026-09-30-six-free-dag-all/rank4-orbit123-cross.json.gz
 create mode 100644 results/2026-09-30-six-free-dag-all/rank4-orbit123.json.gz
 create mode 100644 results/2026-09-30-six-free-dag-all/rank4-orbit124-cross.json.gz
 create mode 100644 results/2026-09-30-six-free-dag-all/rank4-orbit124.json.gz
 create mode 100644 results/2026-09-30-six-free-dag-all/rank4-orbit125-cross.json.gz
 create mode 100644 results/2026-09-30-six-free-dag-all/rank4-orbit125.json.gz
 create mode 100644 results/2026-09-30-six-free-dag-all/rank4-orbit126-cross.json.gz
 create mode 100644 results/2026-09-30-six-free-dag-all/rank4-orbit126.json.gz
 create mode 100644 results/2026-09-30-six-free-dag-all/rank4-orbit127-cross.json.gz
 create mode 100644 results/2026-09-30-six-free-dag-all/rank4-orbit127.json.gz
 create mode 100644 results/2026-09-30-six-free-dag-all/rank4-orbit128-cross.json.gz
 create mode 100644 results/2026-09-30-six-free-dag-all/rank4-orbit128.json.gz
 create mode 100644 results/2026-09-30-six-free-dag-all/rank4-orbit129-cross.json.gz
 create mode 100644 results/2026-09-30-six-free-dag-all/rank4-orbit129.json.gz
 create mode 100644 results/2026-09-30-six-free-dag-all/rank4-orbit130-cross.json.gz
 create mode 100644 results/2026-09-30-six-free-dag-all/rank4-orbit130.json.gz
 create mode 100644 results/2026-09-30-six-free-dag-all/rank4-orbit131-cross.json.gz
 create mode 100644 results/2026-09-30-six-free-dag-all/rank4-orbit131.json.gz
 create mode 100644 results/2026-09-30-six-free-dag-all/rank4-orbit132-cross.json.gz
 create mode 100644 results/2026-09-30-six-free-dag-all/rank4-orbit132.json.gz
 create mode 100644 results/2026-09-30-six-free-dag-all/rank4-orbit133-cross.json.gz
 create mode 100644 results/2026-09-30-six-free-dag-all/rank4-orbit133.json.gz
 create mode 100644 results/2026-09-30-six-free-dag-all/rank4-orbit134-cross.json.gz
 create mode 100644 results/2026-09-30-six-free-dag-all/rank4-orbit134.json.gz
 create mode 100644 results/2026-09-30-six-free-dag-all/rank4-orbit135-cross.json.gz
 create mode 100644 results/2026-09-30-six-free-dag-all/rank4-orbit135.json.gz
 create mode 100644 results/2026-09-30-six-free-dag-all/rank4-orbit136-cross.json.gz
 create mode 100644 results/2026-09-30-six-free-dag-all/rank4-orbit136.json.gz
 create mode 100644 results/2026-09-30-six-free-dag-all/rank4-orbit137-cross.json.gz
 create mode 100644 results/2026-09-30-six-free-dag-all/rank4-orbit137.json.gz
 create mode 100644 results/2026-09-30-six-free-dag-all/rank4-orbit138-cross.json.gz
 create mode 100644 results/2026-09-30-six-free-dag-all/rank4-orbit138.json.gz
 create mode 100644 results/2026-09-30-six-free-dag-all/rank4-orbit139-cross.json.gz
 create mode 100644 results/2026-09-30-six-free-dag-all/rank4-orbit139.json.gz
 create mode 100644 results/2026-09-30-six-free-dag-all/rank4-orbit140-cross.json.gz
 create mode 100644 results/2026-09-30-six-free-dag-all/rank4-orbit140.json.gz
 create mode 100644 results/2026-09-30-six-free-dag-all/rank4-orbit141-cross.json.gz
 create mode 100644 results/2026-09-30-six-free-dag-all/rank4-orbit141.json.gz
 create mode 100644 results/2026-09-30-six-free-dag-all/rank4-orbit142-cross.json.gz
 create mode 100644 results/2026-09-30-six-free-dag-all/rank4-orbit142.json.gz
 create mode 100644 results/2026-09-30-six-free-dag-all/rank4-orbit143-cross.json.gz
 create mode 100644 results/2026-09-30-six-free-dag-all/rank4-orbit143.json.gz
 create mode 100644 results/2026-09-30-six-free-dag-all/rank4-orbit144-cross.json.gz
 create mode 100644 results/2026-09-30-six-free-dag-all/rank4-orbit144.json.gz
 create mode 100644 results/2026-09-30-six-free-dag-all/rank4-orbit145-cross.json.gz
 create mode 100644 results/2026-09-30-six-free-dag-all/rank4-orbit145.json.gz
 create mode 100644 results/2026-09-30-six-free-dag-all/rank4-orbit146-cross.json.gz
 create mode 100644 results/2026-09-30-six-free-dag-all/rank4-orbit146.json.gz
 create mode 100644 results/2026-09-30-six-free-dag-all/rank4-orbit147-cross.json.gz
 create mode 100644 results/2026-09-30-six-free-dag-all/rank4-orbit147.json.gz
 create mode 100644 results/2026-09-30-six-free-dag-all/rank4-orbit148-cross.json.gz
 create mode 100644 results/2026-09-30-six-free-dag-all/rank4-orbit148.json.gz
 create mode 100644 results/2026-09-30-six-free-dag-all/rank4-orbit149-cross.json.gz
 create mode 100644 results/2026-09-30-six-free-dag-all/rank4-orbit149.json.gz
 create mode 100644 results/2026-09-30-six-free-dag-all/rank4-orbit150-cross.json.gz
 create mode 100644 results/2026-09-30-six-free-dag-all/rank4-orbit150.json.gz
 create mode 100644 results/2026-09-30-six-free-dag-all/rank4-orbit151-cross.json.gz
 create mode 100644 results/2026-09-30-six-free-dag-all/rank4-orbit151.json.gz
 create mode 100644 results/2026-09-30-six-free-dag-all/rank4-orbit152-cross.json.gz
 create mode 100644 results/2026-09-30-six-free-dag-all/rank4-orbit152.json.gz
 create mode 100644 results/2026-09-30-six-free-dag-all/rank4-orbit153-cross.json.gz
 create mode 100644 results/2026-09-30-six-free-dag-all/rank4-orbit153.json.gz
 create mode 100644 results/2026-09-30-six-free-dag-all/rank4-orbit154-cross.json.gz
 create mode 100644 results/2026-09-30-six-free-dag-all/rank4-orbit154.json.gz
 create mode 100644 results/2026-09-30-six-free-dag-all/rank4-orbit155-cross.json.gz
 create mode 100644 results/2026-09-30-six-free-dag-all/rank4-orbit155.json.gz
 create mode 100644 results/2026-09-30-six-free-dag-all/rank4-orbit156-cross.json.gz
 create mode 100644 results/2026-09-30-six-free-dag-all/rank4-orbit156.json.gz
 create mode 100644 results/2026-09-30-six-free-dag-all/rank4-orbit157-cross.json.gz
 create mode 100644 results/2026-09-30-six-free-dag-all/rank4-orbit157.json.gz
 create mode 100644 results/2026-09-30-six-free-dag-all/rank4-orbit158-cross.json.gz
 create mode 100644 results/2026-09-30-six-free-dag-all/rank4-orbit158.json.gz
 create mode 100644 results/2026-09-30-six-free-dag-all/rank4-orbit159-cross.json.gz
 create mode 100644 results/2026-09-30-six-free-dag-all/rank4-orbit159.json.gz
 create mode 100644 results/2026-09-30-six-free-dag-all/rank4-orbit160-cross.json.gz
 create mode 100644 results/2026-09-30-six-free-dag-all/rank4-orbit160.json.gz
 create mode 100644 results/2026-09-30-six-free-dag-all/rank4-orbit161-cross.json.gz
 create mode 100644 results/2026-09-30-six-free-dag-all/rank4-orbit161.json.gz
 create mode 100644 results/2026-09-30-six-free-dag-all/rank4-orbit162-cross.json.gz
 create mode 100644 results/2026-09-30-six-free-dag-all/rank4-orbit162.json.gz
 create mode 100644 results/2026-09-30-six-free-dag-all/rank4-orbit163-cross.json.gz
 create mode 100644 results/2026-09-30-six-free-dag-all/rank4-orbit163.json.gz
 create mode 100644 results/2026-09-30-six-free-dag-all/rank4-orbit164-cross.json.gz
 create mode 100644 results/2026-09-30-six-free-dag-all/rank4-orbit164.json.gz
 create mode 100644 results/2026-09-30-six-free-dag-all/rank4-orbit165-cross.json.gz
 create mode 100644 results/2026-09-30-six-free-dag-all/rank4-orbit165.json.gz
 create mode 100644 results/2026-09-30-six-free-dag-all/rank4-orbit166-cross.json.gz
 create mode 100644 results/2026-09-30-six-free-dag-all/rank4-orbit166.json.gz
 create mode 100644 results/2026-09-30-six-free-dag-all/rank4-orbit167-cross.json.gz
 create mode 100644 results/2026-09-30-six-free-dag-all/rank4-orbit167.json.gz
 create mode 100644 results/2026-09-30-six-free-dag-all/rank4-orbit168-cross.json.gz
 create mode 100644 results/2026-09-30-six-free-dag-all/rank4-orbit168.json.gz
 create mode 100644 results/2026-09-30-six-free-dag-all/rank4-orbit169-cross.json.gz
 create mode 100644 results/2026-09-30-six-free-dag-all/rank4-orbit169.json.gz
 create mode 100644 results/2026-09-30-six-free-dag-all/rank4-orbit170-cross.json.gz
 create mode 100644 results/2026-09-30-six-free-dag-all/rank4-orbit170.json.gz
 create mode 100644 results/2026-09-30-six-free-dag-all/rank4-orbit171-cross.json.gz
 create mode 100644 results/2026-09-30-six-free-dag-all/rank4-orbit171.json.gz
 create mode 100644 results/2026-09-30-six-free-dag-all/rank4-orbit172-cross.json.gz
 create mode 100644 results/2026-09-30-six-free-dag-all/rank4-orbit172.json.gz
 create mode 100644 results/2026-09-30-six-free-dag-all/rank4-orbit173-cross.json.gz
 create mode 100644 results/2026-09-30-six-free-dag-all/rank4-orbit173.json.gz
 create mode 100644 results/2026-09-30-six-free-dag-all/rank4-orbit174-cross.json.gz
 create mode 100644 results/2026-09-30-six-free-dag-all/rank4-orbit174.json.gz
 create mode 100644 results/2026-09-30-six-free-dag-all/rank4-orbit175-cross.json.gz
 create mode 100644 results/2026-09-30-six-free-dag-all/rank4-orbit175.json.gz
 create mode 100644 results/2026-09-30-six-free-dag-all/rank4-orbit176-cross.json.gz
 create mode 100644 results/2026-09-30-six-free-dag-all/rank4-orbit176.json.gz
 create mode 100644 results/2026-09-30-six-free-dag-all/rank4-orbit177-cross.json.gz
 create mode 100644 results/2026-09-30-six-free-dag-all/rank4-orbit177.json.gz
 create mode 100644 results/2026-09-30-six-free-dag-all/rank4-orbit178-cross.json.gz
 create mode 100644 results/2026-09-30-six-free-dag-all/rank4-orbit178.json.gz
 create mode 100644 results/2026-09-30-six-free-dag-all/rank4-orbit179-cross.json.gz
 create mode 100644 results/2026-09-30-six-free-dag-all/rank4-orbit179.json.gz
 create mode 100644 results/2026-09-30-six-free-dag-all/rank4-orbit180-cross.json.gz
 create mode 100644 results/2026-09-30-six-free-dag-all/rank4-orbit180.json.gz
 create mode 100644 results/2026-09-30-six-free-dag-all/rank4-orbit181-cross.json.gz
 create mode 100644 results/2026-09-30-six-free-dag-all/rank4-orbit181.json.gz
 create mode 100644 results/2026-09-30-six-free-dag-all/rank4-orbit182-cross.json.gz
 create mode 100644 results/2026-09-30-six-free-dag-all/rank4-orbit182.json.gz
 create mode 100644 results/2026-09-30-six-free-dag-all/rank4-orbit183-cross.json.gz
 create mode 100644 results/2026-09-30-six-free-dag-all/rank4-orbit183.json.gz
 create mode 100644 results/2026-09-30-six-free-dag-all/rank4-orbit184-cross.json.gz
 create mode 100644 results/2026-09-30-six-free-dag-all/rank4-orbit184.json.gz
 create mode 100644 results/2026-09-30-six-free-dag-all/rank4-orbit185-cross.json.gz
 create mode 100644 results/2026-09-30-six-free-dag-all/rank4-orbit185.json.gz
 create mode 100644 results/2026-09-30-six-free-dag-all/rank4-orbit186-cross.json.gz
 create mode 100644 results/2026-09-30-six-free-dag-all/rank4-orbit186.json.gz
 create mode 100644 results/2026-09-30-six-free-dag-all/rank4-orbit187-cross.json.gz
 create mode 100644 results/2026-09-30-six-free-dag-all/rank4-orbit187.json.gz
 create mode 100644 results/2026-09-30-six-free-dag-all/rank4-orbit188-cross.json.gz
 create mode 100644 results/2026-09-30-six-free-dag-all/rank4-orbit188.json.gz
 create mode 100644 results/2026-09-30-six-free-dag-all/rank4-orbit189-cross.json.gz
 create mode 100644 results/2026-09-30-six-free-dag-all/rank4-orbit189.json.gz
 create mode 100644 results/2026-09-30-six-free-dag-all/rank4-orbit190-cross.json.gz
 create mode 100644 results/2026-09-30-six-free-dag-all/rank4-orbit190.json.gz
 create mode 100644 results/2026-09-30-six-free-dag-all/rank4-orbit191-cross.json.gz
 create mode 100644 results/2026-09-30-six-free-dag-all/rank4-orbit191.json.gz
 create mode 100644 results/2026-09-30-six-free-dag-all/rank4-orbit192-cross.json.gz
 create mode 100644 results/2026-09-30-six-free-dag-all/rank4-orbit192.json.gz
 create mode 100644 results/2026-09-30-six-free-dag-all/rank4-orbit193-cross.json.gz
 create mode 100644 results/2026-09-30-six-free-dag-all/rank4-orbit193.json.gz
 create mode 100644 results/2026-09-30-six-free-dag-all/rank4-orbit194-cross.json.gz
 create mode 100644 results/2026-09-30-six-free-dag-all/rank4-orbit194.json.gz
 create mode 100644 results/2026-09-30-six-free-dag-all/rank4-orbit195-cross.json.gz
 create mode 100644 results/2026-09-30-six-free-dag-all/rank4-orbit195.json.gz
 create mode 100644 results/2026-09-30-six-free-dag-all/rank4-orbit196-cross.json.gz
 create mode 100644 results/2026-09-30-six-free-dag-all/rank4-orbit196.json.gz
 create mode 100644 results/2026-09-30-six-free-dag-all/rank4-orbit197-cross.json.gz
 create mode 100644 results/2026-09-30-six-free-dag-all/rank4-orbit197.json.gz
 create mode 100644 results/2026-09-30-six-free-dag-all/rank4-orbit198-cross.json.gz
 create mode 100644 results/2026-09-30-six-free-dag-all/rank4-orbit198.json.gz
 create mode 100644 results/2026-09-30-six-free-dag-all/rank4-orbit199-cross.json.gz
 create mode 100644 results/2026-09-30-six-free-dag-all/rank4-orbit199.json.gz
 create mode 100644 results/2026-09-30-six-free-dag-all/rank4-orbit200-cross.json.gz
 create mode 100644 results/2026-09-30-six-free-dag-all/rank4-orbit200.json.gz
 create mode 100644 results/2026-09-30-six-free-dag-all/rank4-orbit201-cross.json.gz
 create mode 100644 results/2026-09-30-six-free-dag-all/rank4-orbit201.json.gz
 create mode 100644 results/2026-09-30-six-free-dag-all/rank4-orbit202-cross.json.gz
 create mode 100644 results/2026-09-30-six-free-dag-all/rank4-orbit202.json.gz
 create mode 100644 results/2026-09-30-six-free-dag-all/rank4-orbit203-cross.json.gz
 create mode 100644 results/2026-09-30-six-free-dag-all/rank4-orbit203.json.gz
 create mode 100644 results/2026-09-30-six-free-dag-all/rank4-orbit204-cross.json.gz
 create mode 100644 results/2026-09-30-six-free-dag-all/rank4-orbit204.json.gz
 create mode 100644 results/2026-09-30-six-free-dag-all/rank4-orbit205-cross.json.gz
 create mode 100644 results/2026-09-30-six-free-dag-all/rank4-orbit205.json.gz
 create mode 100644 results/2026-09-30-six-free-dag-all/rank4-orbit206-cross.json.gz
 create mode 100644 results/2026-09-30-six-free-dag-all/rank4-orbit206.json.gz
 create mode 100644 results/2026-09-30-six-free-dag-all/rank4-orbit207-cross.json.gz
 create mode 100644 results/2026-09-30-six-free-dag-all/rank4-orbit207.json.gz
 create mode 100644 results/2026-09-30-six-free-dag-all/rank4-orbit208-cross.json.gz
 create mode 100644 results/2026-09-30-six-free-dag-all/rank4-orbit208.json.gz
 create mode 100644 results/2026-09-30-six-free-dag-all/rank4-orbit209-cross.json.gz
 create mode 100644 results/2026-09-30-six-free-dag-all/rank4-orbit209.json.gz
 create mode 100644 results/2026-09-30-six-free-dag-all/rank4-orbit210-cross.json.gz
 create mode 100644 results/2026-09-30-six-free-dag-all/rank4-orbit210.json.gz
 create mode 100644 results/2026-09-30-six-free-dag-all/summary.json
 create mode 100644 results/2026-09-30-six-free-dag-normalizations.log
 create mode 100644 results/2026-09-30-six-free-dag-review.log
 create mode 100644 results/2026-09-30-six-free-dag-review/rank3-orbit000.json
 create mode 100644 results/2026-09-30-six-free-dag-review/rank3-orbit001.json
 create mode 100644 results/2026-09-30-six-free-dag-review/rank3-orbit002.json
 create mode 100644 results/2026-09-30-six-free-dag-review/rank3-orbit003.json
 create mode 100644 results/2026-09-30-six-free-dag-review/rank3-orbit004.json
 create mode 100644 results/2026-09-30-six-free-dag-review/rank3-orbit005.json
 create mode 100644 results/2026-09-30-six-free-dag-review/rank3-orbit006.json
 create mode 100644 results/2026-09-30-six-free-dag-review/rank3-orbit007.json
 create mode 100644 results/2026-09-30-six-free-dag-review/rank3-orbit008.json
 create mode 100644 results/2026-09-30-six-free-dag-review/rank3-orbit009.json
 create mode 100644 results/2026-09-30-six-free-dag-review/rank3-orbit010.json
 create mode 100644 results/2026-09-30-six-free-dag-review/rank3-orbit011.json
 create mode 100644 results/2026-09-30-six-free-dag-review/rank3-orbit012.json
 create mode 100644 results/2026-09-30-six-free-dag-review/rank3-orbit013.json
 create mode 100644 results/2026-09-30-six-free-dag-review/rank3-orbit014.json
 create mode 100644 results/2026-09-30-six-free-dag-review/rank3-orbit015.json
 create mode 100644 results/2026-09-30-six-free-dag-review/rank3-orbit016.json
 create mode 100644 results/2026-09-30-six-free-dag-review/rank3-orbit017.json
 create mode 100644 results/2026-09-30-six-free-dag-review/rank3-orbit018.json
 create mode 100644 results/2026-09-30-six-free-dag-review/rank3-orbit019.json
 create mode 100644 results/2026-09-30-six-free-dag-review/rank3-orbit020.json
 create mode 100644 results/2026-09-30-six-free-dag-review/rank3-orbit021.json
 create mode 100644 results/2026-09-30-six-free-dag-review/rank3-orbit022.json
 create mode 100644 results/2026-09-30-six-free-dag-review/rank3-orbit023.json
 create mode 100644 results/2026-09-30-six-free-dag-review/rank3-orbit024.json
 create mode 100644 results/2026-09-30-six-free-dag-review/rank3-orbit025.json
 create mode 100644 results/2026-09-30-six-free-dag-review/rank3-orbit026.json
 create mode 100644 results/2026-09-30-six-free-dag-review/rank3-orbit027.json
 create mode 100644 results/2026-09-30-six-free-dag-review/rank3-orbit028.json
 create mode 100644 results/2026-09-30-six-free-dag-review/rank3-orbit029.json
 create mode 100644 results/2026-09-30-six-free-dag-review/rank3-orbit030.json
 create mode 100644 results/2026-09-30-six-free-dag-review/rank3-orbit031.json
 create mode 100644 results/2026-09-30-six-free-dag-review/rank3-orbit032.json
 create mode 100644 results/2026-09-30-six-free-dag-review/rank3-orbit033.json
 create mode 100644 results/2026-09-30-six-free-dag-review/rank3-orbit034.json
 create mode 100644 results/2026-09-30-six-free-dag-review/rank3-orbit035.json
 create mode 100644 results/2026-09-30-six-free-dag-review/rank3-orbit036.json
 create mode 100644 results/2026-09-30-six-free-dag-review/rank3-orbit037.json
 create mode 100644 results/2026-09-30-six-free-dag-review/rank3-orbit038.json
 create mode 100644 results/2026-09-30-six-free-dag-review/rank3-orbit039.json
 create mode 100644 results/2026-09-30-six-free-dag-review/rank3-orbit040.json
 create mode 100644 results/2026-09-30-six-free-dag-review/rank3-orbit041.json
 create mode 100644 results/2026-09-30-six-free-dag-review/rank3-orbit042.json
 create mode 100644 results/2026-09-30-six-free-dag-review/rank3-orbit043.json
 create mode 100644 results/2026-09-30-six-free-dag-review/rank3-orbit044.json
 create mode 100644 results/2026-09-30-six-free-dag-review/rank3-orbit045.json
 create mode 100644 results/2026-09-30-six-free-dag-review/rank3-orbit046.json
 create mode 100644 results/2026-09-30-six-free-dag-review/rank3-orbit047.json
 create mode 100644 results/2026-09-30-six-free-dag-review/rank3-orbit048.json
 create mode 100644 results/2026-09-30-six-free-dag-review/rank3-orbit049.json
 create mode 100644 results/2026-09-30-six-free-dag-review/rank3-orbit050.json
 create mode 100644 results/2026-09-30-six-free-dag-review/rank3-orbit051.json
 create mode 100644 results/2026-09-30-six-free-dag-review/rank3-orbit052.json
 create mode 100644 results/2026-09-30-six-free-dag-review/rank3-orbit053.json
 create mode 100644 results/2026-09-30-six-free-dag-review/rank3-orbit054.json
 create mode 100644 results/2026-09-30-six-free-dag-review/rank3-orbit055.json
 create mode 100644 results/2026-09-30-six-free-dag-review/rank3-orbit056.json
 create mode 100644 results/2026-09-30-six-free-dag-review/rank3-orbit057.json
 create mode 100644 results/2026-09-30-six-free-dag-review/rank3-orbit058.json
 create mode 100644 results/2026-09-30-six-free-dag-review/rank3-orbit059.json
 create mode 100644 results/2026-09-30-six-free-dag-review/rank3-orbit060.json
 create mode 100644 results/2026-09-30-six-free-dag-review/rank3-orbit061.json
 create mode 100644 results/2026-09-30-six-free-dag-review/rank3-orbit062.json
 create mode 100644 results/2026-09-30-six-free-dag-review/rank3-orbit063.json
 create mode 100644 results/2026-09-30-six-free-dag-review/rank3-orbit064.json
 create mode 100644 results/2026-09-30-six-free-dag-review/rank3-orbit065.json
 create mode 100644 results/2026-09-30-six-free-dag-review/rank3-orbit066.json
 create mode 100644 results/2026-09-30-six-free-dag-review/rank3-orbit067.json
 create mode 100644 results/2026-09-30-six-free-dag-review/rank3-orbit068.json
 create mode 100644 results/2026-09-30-six-free-dag-review/rank3-orbit069.json
 create mode 100644 results/2026-09-30-six-free-dag-review/rank3-orbit070.json
 create mode 100644 results/2026-09-30-six-free-dag-review/rank3-orbit071.json
 create mode 100644 results/2026-09-30-six-free-dag-review/rank3-orbit072.json
 create mode 100644 results/2026-09-30-six-free-dag-review/rank3-orbit073.json
 create mode 100644 results/2026-09-30-six-free-dag-review/rank3-orbit074.json
 create mode 100644 results/2026-09-30-six-free-dag-review/rank3-orbit075.json
 create mode 100644 results/2026-09-30-six-free-dag-review/rank3-orbit076.json
 create mode 100644 results/2026-09-30-six-free-dag-review/rank3-orbit077.json
 create mode 100644 results/2026-09-30-six-free-dag-review/rank3-orbit078.json
 create mode 100644 results/2026-09-30-six-free-dag-review/rank3-orbit079.json
 create mode 100644 results/2026-09-30-six-free-dag-review/rank3-orbit080.json
 create mode 100644 results/2026-09-30-six-free-dag-review/rank3-orbit081.json
 create mode 100644 results/2026-09-30-six-free-dag-review/rank3-orbit082.json
 create mode 100644 results/2026-09-30-six-free-dag-review/rank3-orbit083.json
 create mode 100644 results/2026-09-30-six-free-dag-review/rank3-orbit084.json
 create mode 100644 results/2026-09-30-six-free-dag-review/rank3-orbit085.json
 create mode 100644 results/2026-09-30-six-free-dag-review/rank3-orbit086.json
 create mode 100644 results/2026-09-30-six-free-dag-review/rank3-orbit087.json
 create mode 100644 results/2026-09-30-six-free-dag-review/rank3-orbit088.json
 create mode 100644 results/2026-09-30-six-free-dag-review/rank3-orbit089.json
 create mode 100644 results/2026-09-30-six-free-dag-review/rank3-orbit090.json
 create mode 100644 results/2026-09-30-six-free-dag-review/rank3-orbit091.json
 create mode 100644 results/2026-09-30-six-free-dag-review/rank3-orbit092.json
 create mode 100644 results/2026-09-30-six-free-dag-review/rank3-orbit093.json
 create mode 100644 results/2026-09-30-six-free-dag-review/rank3-orbit094.json
 create mode 100644 results/2026-09-30-six-free-dag-review/rank3-orbit095.json
 create mode 100644 results/2026-09-30-six-free-dag-review/rank3-orbit096.json
 create mode 100644 results/2026-09-30-six-free-dag-review/rank3-orbit097.json
 create mode 100644 results/2026-09-30-six-free-dag-review/rank3-orbit098.json
 create mode 100644 results/2026-09-30-six-free-dag-review/rank3-orbit099.json
 create mode 100644 results/2026-09-30-six-free-dag-review/rank3-orbit100.json
 create mode 100644 results/2026-09-30-six-free-dag-review/rank3-orbit101.json
 create mode 100644 results/2026-09-30-six-free-dag-review/rank3-orbit102.json
 create mode 100644 results/2026-09-30-six-free-dag-review/rank3-orbit103.json
 create mode 100644 results/2026-09-30-six-free-dag-review/rank4-orbit000.json
 create mode 100644 results/2026-09-30-six-free-dag-review/rank4-orbit001.json
 create mode 100644 results/2026-09-30-six-free-dag-review/rank4-orbit002.json
 create mode 100644 results/2026-09-30-six-free-dag-review/rank4-orbit003.json
 create mode 100644 results/2026-09-30-six-free-dag-review/rank4-orbit004.json
 create mode 100644 results/2026-09-30-six-free-dag-review/rank4-orbit005.json
 create mode 100644 results/2026-09-30-six-free-dag-review/rank4-orbit006.json
 create mode 100644 results/2026-09-30-six-free-dag-review/rank4-orbit007.json
 create mode 100644 results/2026-09-30-six-free-dag-review/rank4-orbit008.json
 create mode 100644 results/2026-09-30-six-free-dag-review/rank4-orbit009.json
 create mode 100644 results/2026-09-30-six-free-dag-review/rank4-orbit010.json
 create mode 100644 results/2026-09-30-six-free-dag-review/rank4-orbit011.json
 create mode 100644 results/2026-09-30-six-free-dag-review/rank4-orbit012.json
 create mode 100644 results/2026-09-30-six-free-dag-review/rank4-orbit013.json
 create mode 100644 results/2026-09-30-six-free-dag-review/rank4-orbit014.json
 create mode 100644 results/2026-09-30-six-free-dag-review/rank4-orbit015.json
 create mode 100644 results/2026-09-30-six-free-dag-review/rank4-orbit016.json
 create mode 100644 results/2026-09-30-six-free-dag-review/rank4-orbit017.json
 create mode 100644 results/2026-09-30-six-free-dag-review/rank4-orbit018.json
 create mode 100644 results/2026-09-30-six-free-dag-review/rank4-orbit019.json
 create mode 100644 results/2026-09-30-six-free-dag-review/rank4-orbit020.json
 create mode 100644 results/2026-09-30-six-free-dag-review/rank4-orbit021.json
 create mode 100644 results/2026-09-30-six-free-dag-review/rank4-orbit022.json
 create mode 100644 results/2026-09-30-six-free-dag-review/rank4-orbit023.json
 create mode 100644 results/2026-09-30-six-free-dag-review/rank4-orbit024.json
 create mode 100644 results/2026-09-30-six-free-dag-review/rank4-orbit025.json
 create mode 100644 results/2026-09-30-six-free-dag-review/rank4-orbit026.json
 create mode 100644 results/2026-09-30-six-free-dag-review/rank4-orbit027.json
 create mode 100644 results/2026-09-30-six-free-dag-review/rank4-orbit028.json
 create mode 100644 results/2026-09-30-six-free-dag-review/rank4-orbit029.json
 create mode 100644 results/2026-09-30-six-free-dag-review/rank4-orbit030.json
 create mode 100644 results/2026-09-30-six-free-dag-review/rank4-orbit031.json
 create mode 100644 results/2026-09-30-six-free-dag-review/rank4-orbit032.json
 create mode 100644 results/2026-09-30-six-free-dag-review/rank4-orbit033.json
 create mode 100644 results/2026-09-30-six-free-dag-review/rank4-orbit034.json
 create mode 100644 results/2026-09-30-six-free-dag-review/rank4-orbit035.json
 create mode 100644 results/2026-09-30-six-free-dag-review/rank4-orbit036.json
 create mode 100644 results/2026-09-30-six-free-dag-review/rank4-orbit037.json
 create mode 100644 results/2026-09-30-six-free-dag-review/rank4-orbit038.json
 create mode 100644 results/2026-09-30-six-free-dag-review/rank4-orbit039.json
 create mode 100644 results/2026-09-30-six-free-dag-review/rank4-orbit040.json
 create mode 100644 results/2026-09-30-six-free-dag-review/rank4-orbit041.json
 create mode 100644 results/2026-09-30-six-free-dag-review/rank4-orbit042.json
 create mode 100644 results/2026-09-30-six-free-dag-review/rank4-orbit043.json
 create mode 100644 results/2026-09-30-six-free-dag-review/rank4-orbit044.json
 create mode 100644 results/2026-09-30-six-free-dag-review/rank4-orbit045.json
 create mode 100644 results/2026-09-30-six-free-dag-review/rank4-orbit046.json
 create mode 100644 results/2026-09-30-six-free-dag-review/rank4-orbit047.json
 create mode 100644 results/2026-09-30-six-free-dag-review/rank4-orbit048.json
 create mode 100644 results/2026-09-30-six-free-dag-review/rank4-orbit049.json
 create mode 100644 results/2026-09-30-six-free-dag-review/rank4-orbit050.json
 create mode 100644 results/2026-09-30-six-free-dag-review/rank4-orbit051.json
 create mode 100644 results/2026-09-30-six-free-dag-review/rank4-orbit052.json
 create mode 100644 results/2026-09-30-six-free-dag-review/rank4-orbit053.json
 create mode 100644 results/2026-09-30-six-free-dag-review/rank4-orbit054.json
 create mode 100644 results/2026-09-30-six-free-dag-review/rank4-orbit055.json
 create mode 100644 results/2026-09-30-six-free-dag-review/rank4-orbit056.json
 create mode 100644 results/2026-09-30-six-free-dag-review/rank4-orbit057.json
 create mode 100644 results/2026-09-30-six-free-dag-review/rank4-orbit058.json
 create mode 100644 results/2026-09-30-six-free-dag-review/rank4-orbit059.json
 create mode 100644 results/2026-09-30-six-free-dag-review/rank4-orbit060.json
 create mode 100644 results/2026-09-30-six-free-dag-review/rank4-orbit061.json
 create mode 100644 results/2026-09-30-six-free-dag-review/rank4-orbit062.json
 create mode 100644 results/2026-09-30-six-free-dag-review/rank4-orbit063.json
 create mode 100644 results/2026-09-30-six-free-dag-review/rank4-orbit064.json
 create mode 100644 results/2026-09-30-six-free-dag-review/rank4-orbit065.json
 create mode 100644 results/2026-09-30-six-free-dag-review/rank4-orbit066.json
 create mode 100644 results/2026-09-30-six-free-dag-review/rank4-orbit067.json
 create mode 100644 results/2026-09-30-six-free-dag-review/rank4-orbit068.json
 create mode 100644 results/2026-09-30-six-free-dag-review/rank4-orbit069.json
 create mode 100644 results/2026-09-30-six-free-dag-review/rank4-orbit070.json
 create mode 100644 results/2026-09-30-six-free-dag-review/rank4-orbit071.json
 create mode 100644 results/2026-09-30-six-free-dag-review/rank4-orbit072.json
 create mode 100644 results/2026-09-30-six-free-dag-review/rank4-orbit073.json
 create mode 100644 results/2026-09-30-six-free-dag-review/rank4-orbit074.json
 create mode 100644 results/2026-09-30-six-free-dag-review/rank4-orbit075.json
 create mode 100644 results/2026-09-30-six-free-dag-review/rank4-orbit076.json
 create mode 100644 results/2026-09-30-six-free-dag-review/rank4-orbit077.json
 create mode 100644 results/2026-09-30-six-free-dag-review/rank4-orbit078.json
 create mode 100644 results/2026-09-30-six-free-dag-review/rank4-orbit079.json
 create mode 100644 results/2026-09-30-six-free-dag-review/rank4-orbit080.json
 create mode 100644 results/2026-09-30-six-free-dag-review/rank4-orbit081.json
 create mode 100644 results/2026-09-30-six-free-dag-review/rank4-orbit082.json
 create mode 100644 results/2026-09-30-six-free-dag-review/rank4-orbit083.json
 create mode 100644 results/2026-09-30-six-free-dag-review/rank4-orbit084.json
 create mode 100644 results/2026-09-30-six-free-dag-review/rank4-orbit085.json
 create mode 100644 results/2026-09-30-six-free-dag-review/rank4-orbit086.json
 create mode 100644 results/2026-09-30-six-free-dag-review/rank4-orbit087.json
 create mode 100644 results/2026-09-30-six-free-dag-review/rank4-orbit088.json
 create mode 100644 results/2026-09-30-six-free-dag-review/rank4-orbit089.json
 create mode 100644 results/2026-09-30-six-free-dag-review/rank4-orbit090.json
 create mode 100644 results/2026-09-30-six-free-dag-review/rank4-orbit091.json
 create mode 100644 results/2026-09-30-six-free-dag-review/rank4-orbit092.json
 create mode 100644 results/2026-09-30-six-free-dag-review/rank4-orbit093.json
 create mode 100644 results/2026-09-30-six-free-dag-review/rank4-orbit094.json
 create mode 100644 results/2026-09-30-six-free-dag-review/rank4-orbit095.json
 create mode 100644 results/2026-09-30-six-free-dag-review/rank4-orbit096.json
 create mode 100644 results/2026-09-30-six-free-dag-review/rank4-orbit097.json
 create mode 100644 results/2026-09-30-six-free-dag-review/rank4-orbit098.json
 create mode 100644 results/2026-09-30-six-free-dag-review/rank4-orbit099.json
 create mode 100644 results/2026-09-30-six-free-dag-review/rank4-orbit100.json
 create mode 100644 results/2026-09-30-six-free-dag-review/rank4-orbit101.json
 create mode 100644 results/2026-09-30-six-free-dag-review/rank4-orbit102.json
 create mode 100644 results/2026-09-30-six-free-dag-review/rank4-orbit103.json
 create mode 100644 results/2026-09-30-six-free-dag-review/rank4-orbit104.json
 create mode 100644 results/2026-09-30-six-free-dag-review/rank4-orbit105.json
 create mode 100644 results/2026-09-30-six-free-dag-review/rank4-orbit106.json
 create mode 100644 results/2026-09-30-six-free-dag-review/rank4-orbit107.json
 create mode 100644 results/2026-09-30-six-free-dag-review/rank4-orbit108.json
 create mode 100644 results/2026-09-30-six-free-dag-review/rank4-orbit109.json
 create mode 100644 results/2026-09-30-six-free-dag-review/rank4-orbit110.json
 create mode 100644 results/2026-09-30-six-free-dag-review/rank4-orbit111.json
 create mode 100644 results/2026-09-30-six-free-dag-review/rank4-orbit112.json
 create mode 100644 results/2026-09-30-six-free-dag-review/rank4-orbit113.json
 create mode 100644 results/2026-09-30-six-free-dag-review/rank4-orbit114.json
 create mode 100644 results/2026-09-30-six-free-dag-review/rank4-orbit115.json
 create mode 100644 results/2026-09-30-six-free-dag-review/rank4-orbit116.json
 create mode 100644 results/2026-09-30-six-free-dag-review/rank4-orbit117.json
 create mode 100644 results/2026-09-30-six-free-dag-review/rank4-orbit118.json
 create mode 100644 results/2026-09-30-six-free-dag-review/rank4-orbit119.json
 create mode 100644 results/2026-09-30-six-free-dag-review/rank4-orbit120.json
 create mode 100644 results/2026-09-30-six-free-dag-review/rank4-orbit121.json
 create mode 100644 results/2026-09-30-six-free-dag-review/rank4-orbit122.json
 create mode 100644 results/2026-09-30-six-free-dag-review/rank4-orbit123.json
 create mode 100644 results/2026-09-30-six-free-dag-review/rank4-orbit124.json
 create mode 100644 results/2026-09-30-six-free-dag-review/rank4-orbit125.json
 create mode 100644 results/2026-09-30-six-free-dag-review/rank4-orbit126.json
 create mode 100644 results/2026-09-30-six-free-dag-review/rank4-orbit127.json
 create mode 100644 results/2026-09-30-six-free-dag-review/rank4-orbit128.json
 create mode 100644 results/2026-09-30-six-free-dag-review/rank4-orbit129.json
 create mode 100644 results/2026-09-30-six-free-dag-review/rank4-orbit130.json
 create mode 100644 results/2026-09-30-six-free-dag-review/rank4-orbit131.json
 create mode 100644 results/2026-09-30-six-free-dag-review/rank4-orbit132.json
 create mode 100644 results/2026-09-30-six-free-dag-review/rank4-orbit133.json
 create mode 100644 results/2026-09-30-six-free-dag-review/rank4-orbit134.json
 create mode 100644 results/2026-09-30-six-free-dag-review/rank4-orbit135.json
 create mode 100644 results/2026-09-30-six-free-dag-review/rank4-orbit136.json
 create mode 100644 results/2026-09-30-six-free-dag-review/rank4-orbit137.json
 create mode 100644 results/2026-09-30-six-free-dag-review/rank4-orbit138.json
 create mode 100644 results/2026-09-30-six-free-dag-review/rank4-orbit139.json
 create mode 100644 results/2026-09-30-six-free-dag-review/rank4-orbit140.json
 create mode 100644 results/2026-09-30-six-free-dag-review/rank4-orbit141.json
 create mode 100644 results/2026-09-30-six-free-dag-review/rank4-orbit142.json
 create mode 100644 results/2026-09-30-six-free-dag-review/rank4-orbit143.json
 create mode 100644 results/2026-09-30-six-free-dag-review/rank4-orbit144.json
 create mode 100644 results/2026-09-30-six-free-dag-review/rank4-orbit145.json
 create mode 100644 results/2026-09-30-six-free-dag-review/rank4-orbit146.json
 create mode 100644 results/2026-09-30-six-free-dag-review/rank4-orbit147.json
 create mode 100644 results/2026-09-30-six-free-dag-review/rank4-orbit148.json
 create mode 100644 results/2026-09-30-six-free-dag-review/rank4-orbit149.json
 create mode 100644 results/2026-09-30-six-free-dag-review/rank4-orbit150.json
 create mode 100644 results/2026-09-30-six-free-dag-review/rank4-orbit151.json
 create mode 100644 results/2026-09-30-six-free-dag-review/rank4-orbit152.json
 create mode 100644 results/2026-09-30-six-free-dag-review/rank4-orbit153.json
 create mode 100644 results/2026-09-30-six-free-dag-review/rank4-orbit154.json
 create mode 100644 results/2026-09-30-six-free-dag-review/rank4-orbit155.json
 create mode 100644 results/2026-09-30-six-free-dag-review/rank4-orbit156.json
 create mode 100644 results/2026-09-30-six-free-dag-review/rank4-orbit157.json
 create mode 100644 results/2026-09-30-six-free-dag-review/rank4-orbit158.json
 create mode 100644 results/2026-09-30-six-free-dag-review/rank4-orbit159.json
 create mode 100644 results/2026-09-30-six-free-dag-review/rank4-orbit160.json
 create mode 100644 results/2026-09-30-six-free-dag-review/rank4-orbit161.json
 create mode 100644 results/2026-09-30-six-free-dag-review/rank4-orbit162.json
 create mode 100644 results/2026-09-30-six-free-dag-review/rank4-orbit163.json
 create mode 100644 results/2026-09-30-six-free-dag-review/rank4-orbit164.json
 create mode 100644 results/2026-09-30-six-free-dag-review/rank4-orbit165.json
 create mode 100644 results/2026-09-30-six-free-dag-review/rank4-orbit166.json
 create mode 100644 results/2026-09-30-six-free-dag-review/rank4-orbit167.json
 create mode 100644 results/2026-09-30-six-free-dag-review/rank4-orbit168.json
 create mode 100644 results/2026-09-30-six-free-dag-review/rank4-orbit169.json
 create mode 100644 results/2026-09-30-six-free-dag-review/rank4-orbit170.json
 create mode 100644 results/2026-09-30-six-free-dag-review/rank4-orbit171.json
 create mode 100644 results/2026-09-30-six-free-dag-review/rank4-orbit172.json
 create mode 100644 results/2026-09-30-six-free-dag-review/rank4-orbit173.json
 create mode 100644 results/2026-09-30-six-free-dag-review/rank4-orbit174.json
 create mode 100644 results/2026-09-30-six-free-dag-review/rank4-orbit175.json
 create mode 100644 results/2026-09-30-six-free-dag-review/rank4-orbit176.json
 create mode 100644 results/2026-09-30-six-free-dag-review/rank4-orbit177.json
 create mode 100644 results/2026-09-30-six-free-dag-review/rank4-orbit178.json
 create mode 100644 results/2026-09-30-six-free-dag-review/rank4-orbit179.json
 create mode 100644 results/2026-09-30-six-free-dag-review/rank4-orbit180.json
 create mode 100644 results/2026-09-30-six-free-dag-review/rank4-orbit181.json
 create mode 100644 results/2026-09-30-six-free-dag-review/rank4-orbit182.json
 create mode 100644 results/2026-09-30-six-free-dag-review/rank4-orbit183.json
 create mode 100644 results/2026-09-30-six-free-dag-review/rank4-orbit184.json
 create mode 100644 results/2026-09-30-six-free-dag-review/rank4-orbit185.json
 create mode 100644 results/2026-09-30-six-free-dag-review/rank4-orbit186.json
 create mode 100644 results/2026-09-30-six-free-dag-review/rank4-orbit187.json
 create mode 100644 results/2026-09-30-six-free-dag-review/rank4-orbit188.json
 create mode 100644 results/2026-09-30-six-free-dag-review/rank4-orbit189.json
 create mode 100644 results/2026-09-30-six-free-dag-review/rank4-orbit190.json
 create mode 100644 results/2026-09-30-six-free-dag-review/rank4-orbit191.json
 create mode 100644 results/2026-09-30-six-free-dag-review/rank4-orbit192.json
 create mode 100644 results/2026-09-30-six-free-dag-review/rank4-orbit193.json
 create mode 100644 results/2026-09-30-six-free-dag-review/rank4-orbit194.json
 create mode 100644 results/2026-09-30-six-free-dag-review/rank4-orbit195.json
 create mode 100644 results/2026-09-30-six-free-dag-review/rank4-orbit196.json
 create mode 100644 results/2026-09-30-six-free-dag-review/rank4-orbit197.json
 create mode 100644 results/2026-09-30-six-free-dag-review/rank4-orbit198.json
 create mode 100644 results/2026-09-30-six-free-dag-review/rank4-orbit199.json
 create mode 100644 results/2026-09-30-six-free-dag-review/rank4-orbit200.json
 create mode 100644 results/2026-09-30-six-free-dag-review/rank4-orbit201.json
 create mode 100644 results/2026-09-30-six-free-dag-review/rank4-orbit202.json
 create mode 100644 results/2026-09-30-six-free-dag-review/rank4-orbit203.json
 create mode 100644 results/2026-09-30-six-free-dag-review/rank4-orbit204.json
 create mode 100644 results/2026-09-30-six-free-dag-review/rank4-orbit205.json
 create mode 100644 results/2026-09-30-six-free-dag-review/rank4-orbit206.json
 create mode 100644 results/2026-09-30-six-free-dag-review/rank4-orbit207.json
 create mode 100644 results/2026-09-30-six-free-dag-review/rank4-orbit208.json
 create mode 100644 results/2026-09-30-six-free-dag-review/rank4-orbit209.json
 create mode 100644 results/2026-09-30-six-free-dag-review/rank4-orbit210.json
 create mode 100644 results/2026-09-30-six-free-dag-review/summary.json
 create mode 100644 results/2026-09-30-six-free-mechanisms.log
 create mode 100644 results/2026-09-30-six-free-mechanisms/atlas.json
 create mode 100644 results/2026-09-30-six-free-mechanisms/rank3-orbit000.json
 create mode 100644 results/2026-09-30-six-free-mechanisms/rank3-orbit001.json
 create mode 100644 results/2026-09-30-six-free-mechanisms/rank3-orbit002.json
 create mode 100644 results/2026-09-30-six-free-mechanisms/rank3-orbit003.json
 create mode 100644 results/2026-09-30-six-free-mechanisms/rank3-orbit004.json
 create mode 100644 results/2026-09-30-six-free-mechanisms/rank3-orbit005.json
 create mode 100644 results/2026-09-30-six-free-mechanisms/rank3-orbit006.json
 create mode 100644 results/2026-09-30-six-free-mechanisms/rank3-orbit007.json
 create mode 100644 results/2026-09-30-six-free-mechanisms/rank3-orbit008.json
 create mode 100644 results/2026-09-30-six-free-mechanisms/rank3-orbit009.json
 create mode 100644 results/2026-09-30-six-free-mechanisms/rank3-orbit010.json
 create mode 100644 results/2026-09-30-six-free-mechanisms/rank3-orbit011.json
 create mode 100644 results/2026-09-30-six-free-mechanisms/rank3-orbit012.json
 create mode 100644 results/2026-09-30-six-free-mechanisms/rank3-orbit013.json
 create mode 100644 results/2026-09-30-six-free-mechanisms/rank3-orbit014.json
 create mode 100644 results/2026-09-30-six-free-mechanisms/rank3-orbit015.json
 create mode 100644 results/2026-09-30-six-free-mechanisms/rank3-orbit016.json
 create mode 100644 results/2026-09-30-six-free-mechanisms/rank3-orbit017.json
 create mode 100644 results/2026-09-30-six-free-mechanisms/rank3-orbit018.json
 create mode 100644 results/2026-09-30-six-free-mechanisms/rank3-orbit019.json
 create mode 100644 results/2026-09-30-six-free-mechanisms/rank3-orbit020.json
 create mode 100644 results/2026-09-30-six-free-mechanisms/rank3-orbit021.json
 create mode 100644 results/2026-09-30-six-free-mechanisms/rank3-orbit022.json
 create mode 100644 results/2026-09-30-six-free-mechanisms/rank3-orbit023.json
 create mode 100644 results/2026-09-30-six-free-mechanisms/rank3-orbit024.json
 create mode 100644 results/2026-09-30-six-free-mechanisms/rank3-orbit025.json
 create mode 100644 results/2026-09-30-six-free-mechanisms/rank3-orbit026.json
 create mode 100644 results/2026-09-30-six-free-mechanisms/rank3-orbit027.json
 create mode 100644 results/2026-09-30-six-free-mechanisms/rank3-orbit028.json
 create mode 100644 results/2026-09-30-six-free-mechanisms/rank3-orbit029.json
 create mode 100644 results/2026-09-30-six-free-mechanisms/rank3-orbit030.json
 create mode 100644 results/2026-09-30-six-free-mechanisms/rank3-orbit031.json
 create mode 100644 results/2026-09-30-six-free-mechanisms/rank3-orbit032.json
 create mode 100644 results/2026-09-30-six-free-mechanisms/rank3-orbit033.json
 create mode 100644 results/2026-09-30-six-free-mechanisms/rank3-orbit034.json
 create mode 100644 results/2026-09-30-six-free-mechanisms/rank3-orbit035.json
 create mode 100644 results/2026-09-30-six-free-mechanisms/rank3-orbit036.json
 create mode 100644 results/2026-09-30-six-free-mechanisms/rank3-orbit037.json
 create mode 100644 results/2026-09-30-six-free-mechanisms/rank3-orbit038.json
 create mode 100644 results/2026-09-30-six-free-mechanisms/rank3-orbit039.json
 create mode 100644 results/2026-09-30-six-free-mechanisms/rank3-orbit040.json
 create mode 100644 results/2026-09-30-six-free-mechanisms/rank3-orbit041.json
 create mode 100644 results/2026-09-30-six-free-mechanisms/rank3-orbit042.json
 create mode 100644 results/2026-09-30-six-free-mechanisms/rank3-orbit043.json
 create mode 100644 results/2026-09-30-six-free-mechanisms/rank3-orbit044.json
 create mode 100644 results/2026-09-30-six-free-mechanisms/rank3-orbit045.json
 create mode 100644 results/2026-09-30-six-free-mechanisms/rank3-orbit046.json
 create mode 100644 results/2026-09-30-six-free-mechanisms/rank3-orbit047.json
 create mode 100644 results/2026-09-30-six-free-mechanisms/rank3-orbit048.json
 create mode 100644 results/2026-09-30-six-free-mechanisms/rank3-orbit049.json
 create mode 100644 results/2026-09-30-six-free-mechanisms/rank3-orbit050.json
 create mode 100644 results/2026-09-30-six-free-mechanisms/rank3-orbit051.json
 create mode 100644 results/2026-09-30-six-free-mechanisms/rank3-orbit052.json
 create mode 100644 results/2026-09-30-six-free-mechanisms/rank3-orbit053.json
 create mode 100644 results/2026-09-30-six-free-mechanisms/rank3-orbit054.json
 create mode 100644 results/2026-09-30-six-free-mechanisms/rank3-orbit055.json
 create mode 100644 results/2026-09-30-six-free-mechanisms/rank3-orbit056.json
 create mode 100644 results/2026-09-30-six-free-mechanisms/rank3-orbit057.json
 create mode 100644 results/2026-09-30-six-free-mechanisms/rank3-orbit058.json
 create mode 100644 results/2026-09-30-six-free-mechanisms/rank3-orbit059.json
 create mode 100644 results/2026-09-30-six-free-mechanisms/rank3-orbit060.json
 create mode 100644 results/2026-09-30-six-free-mechanisms/rank3-orbit061.json
 create mode 100644 results/2026-09-30-six-free-mechanisms/rank3-orbit062.json
 create mode 100644 results/2026-09-30-six-free-mechanisms/rank3-orbit063.json
 create mode 100644 results/2026-09-30-six-free-mechanisms/rank3-orbit064.json
 create mode 100644 results/2026-09-30-six-free-mechanisms/rank3-orbit065.json
 create mode 100644 results/2026-09-30-six-free-mechanisms/rank3-orbit066.json
 create mode 100644 results/2026-09-30-six-free-mechanisms/rank3-orbit067.json
 create mode 100644 results/2026-09-30-six-free-mechanisms/rank3-orbit068.json
 create mode 100644 results/2026-09-30-six-free-mechanisms/rank3-orbit069.json
 create mode 100644 results/2026-09-30-six-free-mechanisms/rank3-orbit070.json
 create mode 100644 results/2026-09-30-six-free-mechanisms/rank3-orbit071.json
 create mode 100644 results/2026-09-30-six-free-mechanisms/rank3-orbit072.json
 create mode 100644 results/2026-09-30-six-free-mechanisms/rank3-orbit073.json
 create mode 100644 results/2026-09-30-six-free-mechanisms/rank3-orbit074.json
 create mode 100644 results/2026-09-30-six-free-mechanisms/rank3-orbit075.json
 create mode 100644 results/2026-09-30-six-free-mechanisms/rank3-orbit076.json
 create mode 100644 results/2026-09-30-six-free-mechanisms/rank3-orbit077.json
 create mode 100644 results/2026-09-30-six-free-mechanisms/rank3-orbit078.json
 create mode 100644 results/2026-09-30-six-free-mechanisms/rank3-orbit079.json
 create mode 100644 results/2026-09-30-six-free-mechanisms/rank3-orbit080.json
 create mode 100644 results/2026-09-30-six-free-mechanisms/rank3-orbit081.json
 create mode 100644 results/2026-09-30-six-free-mechanisms/rank3-orbit082.json
 create mode 100644 results/2026-09-30-six-free-mechanisms/rank3-orbit083.json
 create mode 100644 results/2026-09-30-six-free-mechanisms/rank3-orbit084.json
 create mode 100644 results/2026-09-30-six-free-mechanisms/rank3-orbit085.json
 create mode 100644 results/2026-09-30-six-free-mechanisms/rank3-orbit086.json
 create mode 100644 results/2026-09-30-six-free-mechanisms/rank3-orbit087.json
 create mode 100644 results/2026-09-30-six-free-mechanisms/rank3-orbit088.json
 create mode 100644 results/2026-09-30-six-free-mechanisms/rank3-orbit089.json
 create mode 100644 results/2026-09-30-six-free-mechanisms/rank3-orbit090.json
 create mode 100644 results/2026-09-30-six-free-mechanisms/rank3-orbit091.json
 create mode 100644 results/2026-09-30-six-free-mechanisms/rank3-orbit092.json
 create mode 100644 results/2026-09-30-six-free-mechanisms/rank3-orbit093.json
 create mode 100644 results/2026-09-30-six-free-mechanisms/rank3-orbit094.json
 create mode 100644 results/2026-09-30-six-free-mechanisms/rank3-orbit095.json
 create mode 100644 results/2026-09-30-six-free-mechanisms/rank3-orbit096.json
 create mode 100644 results/2026-09-30-six-free-mechanisms/rank3-orbit097.json
 create mode 100644 results/2026-09-30-six-free-mechanisms/rank3-orbit098.json
 create mode 100644 results/2026-09-30-six-free-mechanisms/rank3-orbit099.json
 create mode 100644 results/2026-09-30-six-free-mechanisms/rank3-orbit100.json
 create mode 100644 results/2026-09-30-six-free-mechanisms/rank3-orbit101.json
 create mode 100644 results/2026-09-30-six-free-mechanisms/rank3-orbit102.json
 create mode 100644 results/2026-09-30-six-free-mechanisms/rank3-orbit103.json
 create mode 100644 results/2026-09-30-six-free-mechanisms/rank4-orbit000.json
 create mode 100644 results/2026-09-30-six-free-mechanisms/rank4-orbit001.json
 create mode 100644 results/2026-09-30-six-free-mechanisms/rank4-orbit002.json
 create mode 100644 results/2026-09-30-six-free-mechanisms/rank4-orbit003.json
 create mode 100644 results/2026-09-30-six-free-mechanisms/rank4-orbit004.json
 create mode 100644 results/2026-09-30-six-free-mechanisms/rank4-orbit005.json
 create mode 100644 results/2026-09-30-six-free-mechanisms/rank4-orbit006.json
 create mode 100644 results/2026-09-30-six-free-mechanisms/rank4-orbit007.json
 create mode 100644 results/2026-09-30-six-free-mechanisms/rank4-orbit008.json
 create mode 100644 results/2026-09-30-six-free-mechanisms/rank4-orbit009.json
 create mode 100644 results/2026-09-30-six-free-mechanisms/rank4-orbit010.json
 create mode 100644 results/2026-09-30-six-free-mechanisms/rank4-orbit011.json
 create mode 100644 results/2026-09-30-six-free-mechanisms/rank4-orbit012.json
 create mode 100644 results/2026-09-30-six-free-mechanisms/rank4-orbit013.json
 create mode 100644 results/2026-09-30-six-free-mechanisms/rank4-orbit014.json
 create mode 100644 results/2026-09-30-six-free-mechanisms/rank4-orbit015.json
 create mode 100644 results/2026-09-30-six-free-mechanisms/rank4-orbit016.json
 create mode 100644 results/2026-09-30-six-free-mechanisms/rank4-orbit017.json
 create mode 100644 results/2026-09-30-six-free-mechanisms/rank4-orbit018.json
 create mode 100644 results/2026-09-30-six-free-mechanisms/rank4-orbit019.json
 create mode 100644 results/2026-09-30-six-free-mechanisms/rank4-orbit020.json
 create mode 100644 results/2026-09-30-six-free-mechanisms/rank4-orbit021.json
 create mode 100644 results/2026-09-30-six-free-mechanisms/rank4-orbit022.json
 create mode 100644 results/2026-09-30-six-free-mechanisms/rank4-orbit023.json
 create mode 100644 results/2026-09-30-six-free-mechanisms/rank4-orbit024.json
 create mode 100644 results/2026-09-30-six-free-mechanisms/rank4-orbit025.json
 create mode 100644 results/2026-09-30-six-free-mechanisms/rank4-orbit026.json
 create mode 100644 results/2026-09-30-six-free-mechanisms/rank4-orbit027.json
 create mode 100644 results/2026-09-30-six-free-mechanisms/rank4-orbit028.json
 create mode 100644 results/2026-09-30-six-free-mechanisms/rank4-orbit029.json
 create mode 100644 results/2026-09-30-six-free-mechanisms/rank4-orbit030.json
 create mode 100644 results/2026-09-30-six-free-mechanisms/rank4-orbit031.json
 create mode 100644 results/2026-09-30-six-free-mechanisms/rank4-orbit032.json
 create mode 100644 results/2026-09-30-six-free-mechanisms/rank4-orbit033.json
 create mode 100644 results/2026-09-30-six-free-mechanisms/rank4-orbit034.json
 create mode 100644 results/2026-09-30-six-free-mechanisms/rank4-orbit035.json
 create mode 100644 results/2026-09-30-six-free-mechanisms/rank4-orbit036.json
 create mode 100644 results/2026-09-30-six-free-mechanisms/rank4-orbit037.json
 create mode 100644 results/2026-09-30-six-free-mechanisms/rank4-orbit038.json
 create mode 100644 results/2026-09-30-six-free-mechanisms/rank4-orbit039.json
 create mode 100644 results/2026-09-30-six-free-mechanisms/rank4-orbit040.json
 create mode 100644 results/2026-09-30-six-free-mechanisms/rank4-orbit041.json
 create mode 100644 results/2026-09-30-six-free-mechanisms/rank4-orbit042.json
 create mode 100644 results/2026-09-30-six-free-mechanisms/rank4-orbit043.json
 create mode 100644 results/2026-09-30-six-free-mechanisms/rank4-orbit044.json
 create mode 100644 results/2026-09-30-six-free-mechanisms/rank4-orbit045.json
 create mode 100644 results/2026-09-30-six-free-mechanisms/rank4-orbit046.json
 create mode 100644 results/2026-09-30-six-free-mechanisms/rank4-orbit047.json
 create mode 100644 results/2026-09-30-six-free-mechanisms/rank4-orbit048.json
 create mode 100644 results/2026-09-30-six-free-mechanisms/rank4-orbit049.json
 create mode 100644 results/2026-09-30-six-free-mechanisms/rank4-orbit050.json
 create mode 100644 results/2026-09-30-six-free-mechanisms/rank4-orbit051.json
 create mode 100644 results/2026-09-30-six-free-mechanisms/rank4-orbit052.json
 create mode 100644 results/2026-09-30-six-free-mechanisms/rank4-orbit053.json
 create mode 100644 results/2026-09-30-six-free-mechanisms/rank4-orbit054.json
 create mode 100644 results/2026-09-30-six-free-mechanisms/rank4-orbit055.json
 create mode 100644 results/2026-09-30-six-free-mechanisms/rank4-orbit056.json
 create mode 100644 results/2026-09-30-six-free-mechanisms/rank4-orbit057.json
 create mode 100644 results/2026-09-30-six-free-mechanisms/rank4-orbit058.json
 create mode 100644 results/2026-09-30-six-free-mechanisms/rank4-orbit059.json
 create mode 100644 results/2026-09-30-six-free-mechanisms/rank4-orbit060.json
 create mode 100644 results/2026-09-30-six-free-mechanisms/rank4-orbit061.json
 create mode 100644 results/2026-09-30-six-free-mechanisms/rank4-orbit062.json
 create mode 100644 results/2026-09-30-six-free-mechanisms/rank4-orbit063.json
 create mode 100644 results/2026-09-30-six-free-mechanisms/rank4-orbit064.json
 create mode 100644 results/2026-09-30-six-free-mechanisms/rank4-orbit065.json
 create mode 100644 results/2026-09-30-six-free-mechanisms/rank4-orbit066.json
 create mode 100644 results/2026-09-30-six-free-mechanisms/rank4-orbit067.json
 create mode 100644 results/2026-09-30-six-free-mechanisms/rank4-orbit068.json
 create mode 100644 results/2026-09-30-six-free-mechanisms/rank4-orbit069.json
 create mode 100644 results/2026-09-30-six-free-mechanisms/rank4-orbit070.json
 create mode 100644 results/2026-09-30-six-free-mechanisms/rank4-orbit071.json
 create mode 100644 results/2026-09-30-six-free-mechanisms/rank4-orbit072.json
 create mode 100644 results/2026-09-30-six-free-mechanisms/rank4-orbit073.json
 create mode 100644 results/2026-09-30-six-free-mechanisms/rank4-orbit074.json
 create mode 100644 results/2026-09-30-six-free-mechanisms/rank4-orbit075.json
 create mode 100644 results/2026-09-30-six-free-mechanisms/rank4-orbit076.json
 create mode 100644 results/2026-09-30-six-free-mechanisms/rank4-orbit077.json
 create mode 100644 results/2026-09-30-six-free-mechanisms/rank4-orbit078.json
 create mode 100644 results/2026-09-30-six-free-mechanisms/rank4-orbit079.json
 create mode 100644 results/2026-09-30-six-free-mechanisms/rank4-orbit080.json
 create mode 100644 results/2026-09-30-six-free-mechanisms/rank4-orbit081.json
 create mode 100644 results/2026-09-30-six-free-mechanisms/rank4-orbit082.json
 create mode 100644 results/2026-09-30-six-free-mechanisms/rank4-orbit083.json
 create mode 100644 results/2026-09-30-six-free-mechanisms/rank4-orbit084.json
 create mode 100644 results/2026-09-30-six-free-mechanisms/rank4-orbit085.json
 create mode 100644 results/2026-09-30-six-free-mechanisms/rank4-orbit086.json
 create mode 100644 results/2026-09-30-six-free-mechanisms/rank4-orbit087.json
 create mode 100644 results/2026-09-30-six-free-mechanisms/rank4-orbit088.json
 create mode 100644 results/2026-09-30-six-free-mechanisms/rank4-orbit089.json
 create mode 100644 results/2026-09-30-six-free-mechanisms/rank4-orbit090.json
 create mode 100644 results/2026-09-30-six-free-mechanisms/rank4-orbit091.json
 create mode 100644 results/2026-09-30-six-free-mechanisms/rank4-orbit092.json
 create mode 100644 results/2026-09-30-six-free-mechanisms/rank4-orbit093.json
 create mode 100644 results/2026-09-30-six-free-mechanisms/rank4-orbit094.json
 create mode 100644 results/2026-09-30-six-free-mechanisms/rank4-orbit095.json
 create mode 100644 results/2026-09-30-six-free-mechanisms/rank4-orbit096.json
 create mode 100644 results/2026-09-30-six-free-mechanisms/rank4-orbit097.json
 create mode 100644 results/2026-09-30-six-free-mechanisms/rank4-orbit098.json
 create mode 100644 results/2026-09-30-six-free-mechanisms/rank4-orbit099.json
 create mode 100644 results/2026-09-30-six-free-mechanisms/rank4-orbit100.json
 create mode 100644 results/2026-09-30-six-free-mechanisms/rank4-orbit101.json
 create mode 100644 results/2026-09-30-six-free-mechanisms/rank4-orbit102.json
 create mode 100644 results/2026-09-30-six-free-mechanisms/rank4-orbit103.json
 create mode 100644 results/2026-09-30-six-free-mechanisms/rank4-orbit104.json
 create mode 100644 results/2026-09-30-six-free-mechanisms/rank4-orbit105.json
 create mode 100644 results/2026-09-30-six-free-mechanisms/rank4-orbit106.json
 create mode 100644 results/2026-09-30-six-free-mechanisms/rank4-orbit107.json
 create mode 100644 results/2026-09-30-six-free-mechanisms/rank4-orbit108.json
 create mode 100644 results/2026-09-30-six-free-mechanisms/rank4-orbit109.json
 create mode 100644 results/2026-09-30-six-free-mechanisms/rank4-orbit110.json
 create mode 100644 results/2026-09-30-six-free-mechanisms/rank4-orbit111.json
 create mode 100644 results/2026-09-30-six-free-mechanisms/rank4-orbit112.json
 create mode 100644 results/2026-09-30-six-free-mechanisms/rank4-orbit113.json
 create mode 100644 results/2026-09-30-six-free-mechanisms/rank4-orbit114.json
 create mode 100644 results/2026-09-30-six-free-mechanisms/rank4-orbit115.json
 create mode 100644 results/2026-09-30-six-free-mechanisms/rank4-orbit116.json
 create mode 100644 results/2026-09-30-six-free-mechanisms/rank4-orbit117.json
 create mode 100644 results/2026-09-30-six-free-mechanisms/rank4-orbit118.json
 create mode 100644 results/2026-09-30-six-free-mechanisms/rank4-orbit119.json
 create mode 100644 results/2026-09-30-six-free-mechanisms/rank4-orbit120.json
 create mode 100644 results/2026-09-30-six-free-mechanisms/rank4-orbit121.json
 create mode 100644 results/2026-09-30-six-free-mechanisms/rank4-orbit122.json
 create mode 100644 results/2026-09-30-six-free-mechanisms/rank4-orbit123.json
 create mode 100644 results/2026-09-30-six-free-mechanisms/rank4-orbit124.json
 create mode 100644 results/2026-09-30-six-free-mechanisms/rank4-orbit125.json
 create mode 100644 results/2026-09-30-six-free-mechanisms/rank4-orbit126.json
 create mode 100644 results/2026-09-30-six-free-mechanisms/rank4-orbit127.json
 create mode 100644 results/2026-09-30-six-free-mechanisms/rank4-orbit128.json
 create mode 100644 results/2026-09-30-six-free-mechanisms/rank4-orbit129.json
 create mode 100644 results/2026-09-30-six-free-mechanisms/rank4-orbit130.json
 create mode 100644 results/2026-09-30-six-free-mechanisms/rank4-orbit131.json
 create mode 100644 results/2026-09-30-six-free-mechanisms/rank4-orbit132.json
 create mode 100644 results/2026-09-30-six-free-mechanisms/rank4-orbit133.json
 create mode 100644 results/2026-09-30-six-free-mechanisms/rank4-orbit134.json
 create mode 100644 results/2026-09-30-six-free-mechanisms/rank4-orbit135.json
 create mode 100644 results/2026-09-30-six-free-mechanisms/rank4-orbit136.json
 create mode 100644 results/2026-09-30-six-free-mechanisms/rank4-orbit137.json
 create mode 100644 results/2026-09-30-six-free-mechanisms/rank4-orbit138.json
 create mode 100644 results/2026-09-30-six-free-mechanisms/rank4-orbit139.json
 create mode 100644 results/2026-09-30-six-free-mechanisms/rank4-orbit140.json
 create mode 100644 results/2026-09-30-six-free-mechanisms/rank4-orbit141.json
 create mode 100644 results/2026-09-30-six-free-mechanisms/rank4-orbit142.json
 create mode 100644 results/2026-09-30-six-free-mechanisms/rank4-orbit143.json
 create mode 100644 results/2026-09-30-six-free-mechanisms/rank4-orbit144.json
 create mode 100644 results/2026-09-30-six-free-mechanisms/rank4-orbit145.json
 create mode 100644 results/2026-09-30-six-free-mechanisms/rank4-orbit146.json
 create mode 100644 results/2026-09-30-six-free-mechanisms/rank4-orbit147.json
 create mode 100644 results/2026-09-30-six-free-mechanisms/rank4-orbit148.json
 create mode 100644 results/2026-09-30-six-free-mechanisms/rank4-orbit149.json
 create mode 100644 results/2026-09-30-six-free-mechanisms/rank4-orbit150.json
 create mode 100644 results/2026-09-30-six-free-mechanisms/rank4-orbit151.json
 create mode 100644 results/2026-09-30-six-free-mechanisms/rank4-orbit152.json
 create mode 100644 results/2026-09-30-six-free-mechanisms/rank4-orbit153.json
 create mode 100644 results/2026-09-30-six-free-mechanisms/rank4-orbit154.json
 create mode 100644 results/2026-09-30-six-free-mechanisms/rank4-orbit155.json
 create mode 100644 results/2026-09-30-six-free-mechanisms/rank4-orbit156.json
 create mode 100644 results/2026-09-30-six-free-mechanisms/rank4-orbit157.json
 create mode 100644 results/2026-09-30-six-free-mechanisms/rank4-orbit158.json
 create mode 100644 results/2026-09-30-six-free-mechanisms/rank4-orbit159.json
 create mode 100644 results/2026-09-30-six-free-mechanisms/rank4-orbit160.json
 create mode 100644 results/2026-09-30-six-free-mechanisms/rank4-orbit161.json
 create mode 100644 results/2026-09-30-six-free-mechanisms/rank4-orbit162.json
 create mode 100644 results/2026-09-30-six-free-mechanisms/rank4-orbit163.json
 create mode 100644 results/2026-09-30-six-free-mechanisms/rank4-orbit164.json
 create mode 100644 results/2026-09-30-six-free-mechanisms/rank4-orbit165.json
 create mode 100644 results/2026-09-30-six-free-mechanisms/rank4-orbit166.json
 create mode 100644 results/2026-09-30-six-free-mechanisms/rank4-orbit167.json
 create mode 100644 results/2026-09-30-six-free-mechanisms/rank4-orbit168.json
 create mode 100644 results/2026-09-30-six-free-mechanisms/rank4-orbit169.json
 create mode 100644 results/2026-09-30-six-free-mechanisms/rank4-orbit170.json
 create mode 100644 results/2026-09-30-six-free-mechanisms/rank4-orbit171.json
 create mode 100644 results/2026-09-30-six-free-mechanisms/rank4-orbit172.json
 create mode 100644 results/2026-09-30-six-free-mechanisms/rank4-orbit173.json
 create mode 100644 results/2026-09-30-six-free-mechanisms/rank4-orbit174.json
 create mode 100644 results/2026-09-30-six-free-mechanisms/rank4-orbit175.json
 create mode 100644 results/2026-09-30-six-free-mechanisms/rank4-orbit176.json
 create mode 100644 results/2026-09-30-six-free-mechanisms/rank4-orbit177.json
 create mode 100644 results/2026-09-30-six-free-mechanisms/rank4-orbit178.json
 create mode 100644 results/2026-09-30-six-free-mechanisms/rank4-orbit179.json
 create mode 100644 results/2026-09-30-six-free-mechanisms/rank4-orbit180.json
 create mode 100644 results/2026-09-30-six-free-mechanisms/rank4-orbit181.json
 create mode 100644 results/2026-09-30-six-free-mechanisms/rank4-orbit182.json
 create mode 100644 results/2026-09-30-six-free-mechanisms/rank4-orbit183.json
 create mode 100644 results/2026-09-30-six-free-mechanisms/rank4-orbit184.json
 create mode 100644 results/2026-09-30-six-free-mechanisms/rank4-orbit185.json
 create mode 100644 results/2026-09-30-six-free-mechanisms/rank4-orbit186.json
 create mode 100644 results/2026-09-30-six-free-mechanisms/rank4-orbit187.json
 create mode 100644 results/2026-09-30-six-free-mechanisms/rank4-orbit188.json
 create mode 100644 results/2026-09-30-six-free-mechanisms/rank4-orbit189.json
 create mode 100644 results/2026-09-30-six-free-mechanisms/rank4-orbit190.json
 create mode 100644 results/2026-09-30-six-free-mechanisms/rank4-orbit191.json
 create mode 100644 results/2026-09-30-six-free-mechanisms/rank4-orbit192.json
 create mode 100644 results/2026-09-30-six-free-mechanisms/rank4-orbit193.json
 create mode 100644 results/2026-09-30-six-free-mechanisms/rank4-orbit194.json
 create mode 100644 results/2026-09-30-six-free-mechanisms/rank4-orbit195.json
 create mode 100644 results/2026-09-30-six-free-mechanisms/rank4-orbit196.json
 create mode 100644 results/2026-09-30-six-free-mechanisms/rank4-orbit197.json
 create mode 100644 results/2026-09-30-six-free-mechanisms/rank4-orbit198.json
 create mode 100644 results/2026-09-30-six-free-mechanisms/rank4-orbit199.json
 create mode 100644 results/2026-09-30-six-free-mechanisms/rank4-orbit200.json
 create mode 100644 results/2026-09-30-six-free-mechanisms/rank4-orbit201.json
 create mode 100644 results/2026-09-30-six-free-mechanisms/rank4-orbit202.json
 create mode 100644 results/2026-09-30-six-free-mechanisms/rank4-orbit203.json
 create mode 100644 results/2026-09-30-six-free-mechanisms/rank4-orbit204.json
 create mode 100644 results/2026-09-30-six-free-mechanisms/rank4-orbit205.json
 create mode 100644 results/2026-09-30-six-free-mechanisms/rank4-orbit206.json
 create mode 100644 results/2026-09-30-six-free-mechanisms/rank4-orbit207.json
 create mode 100644 results/2026-09-30-six-free-mechanisms/rank4-orbit208.json
 create mode 100644 results/2026-09-30-six-free-mechanisms/rank4-orbit209.json
 create mode 100644 results/2026-09-30-six-free-mechanisms/rank4-orbit210.json
 create mode 100644 results/2026-09-30-six-free-rank-growth-counts.log
 create mode 100644 results/2026-09-30-six-free-rank-growth-root-review.log
 create mode 100644 results/2026-09-30-six-free-rank-growth-tests.log
 create mode 100644 results/2026-09-30-six-free-rank-growth.log
 create mode 100644 results/2026-09-30-six-free-rank/growth-verification.json
 create mode 100644 results/2026-09-30-six-free-rank/rank3-orbits.json
 create mode 100644 results/2026-09-30-six-free-rank/rank4-orbits.json
 create mode 100644 results/2026-09-30-six-low-rank-mechanisms-review.log
 create mode 100644 results/2026-09-30-six-low-rank-review/exploratory-mechanisms.json
 create mode 100644 results/2026-09-30-six-low-rank-review/mechanism-certificates.json
 create mode 100644 results/2026-09-30-six-low-rank-review/verification.json
 create mode 100644 src/six_free_dag.py
 create mode 100644 src/six_free_dag_batch.py
 create mode 100644 src/six_free_dag_certify.py
 create mode 100644 src/six_free_mechanisms.py
 create mode 100644 tests/test_six_free_dag_review.py
 create mode 100644 tests/test_six_free_mechanisms.py
 create mode 100644 tests/test_six_free_rank_growth.py
 create mode 100644 tests/test_six_low_rank_mechanisms_review.py
